Player Name,Position,Team,Market,Selection,Bookie,Line Value,Cost,Home Team,Away Team
RJ Barrett,F,NYK,Rebounds,Over,SugarHouse,4.5,2.17,Orlando Magic,New York Knicks
RJ Barrett,F,NYK,Rebounds,Over,BetRivers,4.5,2.17,Orlando Magic,New York Knicks
RJ Barrett,F,NYK,Rebounds,Over,UniBet,4.5,2.17,Orlando Magic,New York Knicks
RJ Barrett,F,NYK,Rebounds,Under,PointsBet,4.5,1.71,Orlando Magic,New York Knicks
Isaiah Hartenstein,C,NYK,Assists,Over,Caesars,1.5,1.57,Orlando Magic,New York Knicks
Isaiah Hartenstein,C,NYK,Assists,Under,bet365,1.5,2.45,Orlando Magic,New York Knicks
Franz Wagner,G,ORL,Rebounds,Over,DraftKings,5.5,2.05,Orlando Magic,New York Knicks
Franz Wagner,G,ORL,Rebounds,Over,BetMGM,5.5,2.05,Orlando Magic,New York Knicks
Franz Wagner,G,ORL,Rebounds,Over,PartyCasino,5.5,2.05,Orlando Magic,New York Knicks
Franz Wagner,G,ORL,Rebounds,Over,bet365,5.5,2.05,Orlando Magic,New York Knicks
Franz Wagner,G,ORL,Rebounds,Under,FanDuel,5.5,1.85,Orlando Magic,New York Knicks
Isaiah Hartenstein,C,NYK,Points,Over,DraftKings,7.5,1.95,Orlando Magic,New York Knicks
Isaiah Hartenstein,C,NYK,Points,Over,PointsBet,7.5,1.95,Orlando Magic,New York Knicks
Isaiah Hartenstein,C,NYK,Points,Under,FanDuel,7.5,1.88,Orlando Magic,New York Knicks
RJ Barrett,F,NYK,Assists,Over,bet365,2.5,2.55,Orlando Magic,New York Knicks
RJ Barrett,F,NYK,Assists,Under,DraftKings,2.5,1.53,Orlando Magic,New York Knicks
RJ Barrett,F,NYK,Assists,Under,bet365,2.5,1.53,Orlando Magic,New York Knicks
Isaiah Hartenstein,C,NYK,Rebounds,Over,Caesars,9.5,1.96,Orlando Magic,New York Knicks
Isaiah Hartenstein,C,NYK,Rebounds,Under,FanDuel,9.5,1.95,Orlando Magic,New York Knicks
Franz Wagner,G,ORL,Assists,Over,SugarHouse,4.5,1.8,Orlando Magic,New York Knicks
Franz Wagner,G,ORL,Assists,Over,BetRivers,4.5,1.8,Orlando Magic,New York Knicks
Franz Wagner,G,ORL,Assists,Over,UniBet,4.5,1.8,Orlando Magic,New York Knicks
Franz Wagner,G,ORL,Assists,Under,DraftKings,4.5,2.14,Orlando Magic,New York Knicks
Jalen Suggs,G,ORL,Assists,Over,PointsBet,2.5,1.87,Orlando Magic,New York Knicks
Jalen Suggs,G,ORL,Assists,Under,bet365,2.5,2.0,Orlando Magic,New York Knicks
Donte DiVincenzo,G,NYK,Assists,Over,BetMGM,1.5,1.87,Orlando Magic,New York Knicks
Donte DiVincenzo,G,NYK,Assists,Over,Caesars,1.5,1.87,Orlando Magic,New York Knicks
Donte DiVincenzo,G,NYK,Assists,Over,PartyCasino,1.5,1.87,Orlando Magic,New York Knicks
Donte DiVincenzo,G,NYK,Assists,Over,bet365,1.5,1.87,Orlando Magic,New York Knicks
Donte DiVincenzo,G,NYK,Assists,Under,BetMGM,1.5,1.87,Orlando Magic,New York Knicks
Donte DiVincenzo,G,NYK,Assists,Under,PartyCasino,1.5,1.87,Orlando Magic,New York Knicks
Donte DiVincenzo,G,NYK,Assists,Under,bet365,1.5,1.87,Orlando Magic,New York Knicks
Donte DiVincenzo,G,NYK,Rebounds,Over,Caesars,2.5,1.92,Orlando Magic,New York Knicks
Donte DiVincenzo,G,NYK,Rebounds,Under,PointsBet,2.5,2.05,Orlando Magic,New York Knicks
Jalen Suggs,G,ORL,Rebounds,Over,FanDuel,3.5,1.96,Orlando Magic,New York Knicks
Jalen Suggs,G,ORL,Rebounds,Over,SugarHouse,3.5,1.96,Orlando Magic,New York Knicks
Jalen Suggs,G,ORL,Rebounds,Over,BetRivers,3.5,1.96,Orlando Magic,New York Knicks
Jalen Suggs,G,ORL,Rebounds,Over,UniBet,3.5,1.96,Orlando Magic,New York Knicks
Jalen Suggs,G,ORL,Rebounds,Under,PointsBet,3.5,1.87,Orlando Magic,New York Knicks
Jalen Suggs,G,ORL,Points,Over,DraftKings,12.5,1.91,Orlando Magic,New York Knicks
Jalen Suggs,G,ORL,Points,Over,FanDuel,12.5,1.91,Orlando Magic,New York Knicks
Jalen Suggs,G,ORL,Points,Under,Caesars,12.5,1.96,Orlando Magic,New York Knicks
Julius Randle,F,NYK,Points,Over,FanDuel,24.5,1.96,Orlando Magic,New York Knicks
Julius Randle,F,NYK,Points,Under,PointsBet,25.5,1.87,Orlando Magic,New York Knicks
Jalen Brunson,G,NYK,Assists,Over,FanDuel,5.5,1.69,Orlando Magic,New York Knicks
Jalen Brunson,G,NYK,Assists,Under,SugarHouse,6.5,1.68,Orlando Magic,New York Knicks
Jalen Brunson,G,NYK,Assists,Under,BetRivers,6.5,1.68,Orlando Magic,New York Knicks
Jalen Brunson,G,NYK,Assists,Under,UniBet,6.5,1.68,Orlando Magic,New York Knicks
Franz Wagner,G,ORL,Points,Over,FanDuel,22.5,1.83,Orlando Magic,New York Knicks
Franz Wagner,G,ORL,Points,Under,DraftKings,23.5,1.91,Orlando Magic,New York Knicks
Paolo Banchero,F,ORL,Points,Over,SugarHouse,23.5,1.93,Orlando Magic,New York Knicks
Paolo Banchero,F,ORL,Points,Over,BetRivers,23.5,1.93,Orlando Magic,New York Knicks
Paolo Banchero,F,ORL,Points,Over,UniBet,23.5,1.93,Orlando Magic,New York Knicks
Paolo Banchero,F,ORL,Points,Under,DraftKings,23.5,1.95,Orlando Magic,New York Knicks
Paolo Banchero,F,ORL,Points,Under,BetMGM,23.5,1.95,Orlando Magic,New York Knicks
Paolo Banchero,F,ORL,Points,Under,PartyCasino,23.5,1.95,Orlando Magic,New York Knicks
Julius Randle,F,NYK,Rebounds,Over,BetMGM,9.5,2.0,Orlando Magic,New York Knicks
Julius Randle,F,NYK,Rebounds,Over,PointsBet,9.5,2.0,Orlando Magic,New York Knicks
Julius Randle,F,NYK,Rebounds,Over,PartyCasino,9.5,2.0,Orlando Magic,New York Knicks
Julius Randle,F,NYK,Rebounds,Over,bet365,9.5,2.0,Orlando Magic,New York Knicks
Julius Randle,F,NYK,Rebounds,Under,DraftKings,9.5,1.91,Orlando Magic,New York Knicks
RJ Barrett,F,NYK,Points,Over,FanDuel,16.5,2.0,Orlando Magic,New York Knicks
RJ Barrett,F,NYK,Points,Under,DraftKings,16.5,1.95,Orlando Magic,New York Knicks
RJ Barrett,F,NYK,Points,Under,PointsBet,16.5,1.95,Orlando Magic,New York Knicks
Paolo Banchero,F,ORL,Rebounds,Over,FanDuel,7.5,2.12,Orlando Magic,New York Knicks
Paolo Banchero,F,ORL,Rebounds,Under,DraftKings,7.5,1.77,Orlando Magic,New York Knicks
Paolo Banchero,F,ORL,Rebounds,Under,PointsBet,7.5,1.77,Orlando Magic,New York Knicks
Paolo Banchero,F,ORL,Rebounds,Under,bet365,7.5,1.77,Orlando Magic,New York Knicks
Paolo Banchero,F,ORL,Assists,Over,PointsBet,4.5,1.83,Orlando Magic,New York Knicks
Paolo Banchero,F,ORL,Assists,Under,FanDuel,4.5,2.06,Orlando Magic,New York Knicks
Jalen Brunson,G,NYK,Points,Over,FanDuel,26.5,1.95,Orlando Magic,New York Knicks
Jalen Brunson,G,NYK,Points,Over,BetMGM,26.5,1.95,Orlando Magic,New York Knicks
Jalen Brunson,G,NYK,Points,Over,PartyCasino,26.5,1.95,Orlando Magic,New York Knicks
Jalen Brunson,G,NYK,Points,Under,DraftKings,26.5,2.0,Orlando Magic,New York Knicks
Jalen Brunson,G,NYK,Rebounds,Over,bet365,3.5,1.67,Orlando Magic,New York Knicks
Jalen Brunson,G,NYK,Rebounds,Under,FanDuel,4.5,1.65,Orlando Magic,New York Knicks
Donte DiVincenzo,G,NYK,Points,Over,PointsBet,8.5,1.77,Orlando Magic,New York Knicks
Donte DiVincenzo,G,NYK,Points,Over,bet365,8.5,1.77,Orlando Magic,New York Knicks
Donte DiVincenzo,G,NYK,Points,Under,FanDuel,8.5,2.08,Orlando Magic,New York Knicks
Julius Randle,F,NYK,Assists,Over,DraftKings,3.5,1.77,Orlando Magic,New York Knicks
Julius Randle,F,NYK,Assists,Over,PointsBet,3.5,1.77,Orlando Magic,New York Knicks
Julius Randle,F,NYK,Assists,Over,bet365,3.5,1.77,Orlando Magic,New York Knicks
Julius Randle,F,NYK,Assists,Under,FanDuel,3.5,2.12,Orlando Magic,New York Knicks
Deni Avdija,F,WAS,Assists,Over,BetMGM,3.5,1.95,Washington Wizards,Brooklyn Nets
Deni Avdija,F,WAS,Assists,Over,PartyCasino,3.5,1.95,Washington Wizards,Brooklyn Nets
Deni Avdija,F,WAS,Assists,Under,FanDuel,3.5,1.98,Washington Wizards,Brooklyn Nets
Spencer Dinwiddie,G,BKN,Rebounds,Over,DraftKings,3.5,1.8,Washington Wizards,Brooklyn Nets
Spencer Dinwiddie,G,BKN,Rebounds,Over,PointsBet,3.5,1.8,Washington Wizards,Brooklyn Nets
Spencer Dinwiddie,G,BKN,Rebounds,Over,bet365,3.5,1.8,Washington Wizards,Brooklyn Nets
Spencer Dinwiddie,G,BKN,Rebounds,Under,FanDuel,3.5,2.1,Washington Wizards,Brooklyn Nets
Spencer Dinwiddie,G,BKN,Rebounds,Under,SugarHouse,3.5,2.1,Washington Wizards,Brooklyn Nets
Nic Claxton,C,BKN,Rebounds,Over,Caesars,10.5,1.72,Washington Wizards,Brooklyn Nets
Nic Claxton,C,BKN,Rebounds,Under,PointsBet,11.5,1.83,Washington Wizards,Brooklyn Nets
Jordan Poole,G,WAS,Rebounds,Over,BetMGM,2.5,1.91,Washington Wizards,Brooklyn Nets
Jordan Poole,G,WAS,Rebounds,Over,FanDuel,2.5,1.91,Washington Wizards,Brooklyn Nets
Jordan Poole,G,WAS,Rebounds,Over,PointsBet,2.5,1.91,Washington Wizards,Brooklyn Nets
Jordan Poole,G,WAS,Rebounds,Over,PartyCasino,2.5,1.91,Washington Wizards,Brooklyn Nets
Jordan Poole,G,WAS,Rebounds,Under,FanDuel,2.5,1.91,Washington Wizards,Brooklyn Nets
Kyle Kuzma,F,WAS,Assists,Over,DraftKings,3.5,1.71,Washington Wizards,Brooklyn Nets
Kyle Kuzma,F,WAS,Assists,Over,bet365,3.5,1.71,Washington Wizards,Brooklyn Nets
Kyle Kuzma,F,WAS,Assists,Under,FanDuel,3.5,2.22,Washington Wizards,Brooklyn Nets
Deni Avdija,F,WAS,Rebounds,Over,BetRivers,5.5,1.94,Washington Wizards,Brooklyn Nets
Deni Avdija,F,WAS,Rebounds,Over,UniBet,5.5,1.94,Washington Wizards,Brooklyn Nets
Deni Avdija,F,WAS,Rebounds,Under,FanDuel,5.5,1.91,Washington Wizards,Brooklyn Nets
Cam Thomas,G,BKN,Assists,Over,Caesars,2.5,2.02,Washington Wizards,Brooklyn Nets
Cam Thomas,G,BKN,Assists,Under,bet365,2.5,1.8,Washington Wizards,Brooklyn Nets
Daniel Gafford,F,WAS,Rebounds,Over,PointsBet,7.5,1.8,Washington Wizards,Brooklyn Nets
Daniel Gafford,F,WAS,Rebounds,Under,FanDuel,7.5,2.14,Washington Wizards,Brooklyn Nets
Kyle Kuzma,F,WAS,Points,Over,SugarHouse,21.5,1.92,Washington Wizards,Brooklyn Nets
Kyle Kuzma,F,WAS,Points,Under,bet365,21.5,2.05,Washington Wizards,Brooklyn Nets
Cam Thomas,G,BKN,Rebounds,Over,FanDuel,2.5,1.7,Washington Wizards,Brooklyn Nets
Cam Thomas,G,BKN,Rebounds,Under,bet365,3.5,1.59,Washington Wizards,Brooklyn Nets
Tyus Jones,G,WAS,Assists,Over,DraftKings,5.5,1.74,Washington Wizards,Brooklyn Nets
Tyus Jones,G,WAS,Assists,Over,Caesars,5.5,1.74,Washington Wizards,Brooklyn Nets
Tyus Jones,G,WAS,Assists,Over,bet365,5.5,1.74,Washington Wizards,Brooklyn Nets
Tyus Jones,G,WAS,Assists,Under,FanDuel,5.5,2.14,Washington Wizards,Brooklyn Nets
Mikal Bridges,F,BKN,Assists,Over,DraftKings,3.5,1.74,Washington Wizards,Brooklyn Nets
Mikal Bridges,F,BKN,Assists,Over,bet365,3.5,1.74,Washington Wizards,Brooklyn Nets
Mikal Bridges,F,BKN,Assists,Under,SugarHouse,3.5,2.2,Washington Wizards,Brooklyn Nets
Mikal Bridges,F,BKN,Assists,Under,BetRivers,3.5,2.2,Washington Wizards,Brooklyn Nets
Mikal Bridges,F,BKN,Assists,Under,UniBet,3.5,2.2,Washington Wizards,Brooklyn Nets
Spencer Dinwiddie,G,BKN,Points,Over,FanDuel,14.5,1.95,Washington Wizards,Brooklyn Nets
Spencer Dinwiddie,G,BKN,Points,Under,SugarHouse,14.5,1.97,Washington Wizards,Brooklyn Nets
Nic Claxton,C,BKN,Points,Over,SugarHouse,12.5,1.93,Washington Wizards,Brooklyn Nets
Nic Claxton,C,BKN,Points,Under,FanDuel,12.5,1.91,Washington Wizards,Brooklyn Nets
Tyus Jones,G,WAS,Rebounds,Over,bet365,2.5,1.65,Washington Wizards,Brooklyn Nets
Tyus Jones,G,WAS,Rebounds,Under,FanDuel,3.5,1.62,Washington Wizards,Brooklyn Nets
Mikal Bridges,F,BKN,Rebounds,Over,FanDuel,4.5,1.72,Washington Wizards,Brooklyn Nets
Mikal Bridges,F,BKN,Rebounds,Under,DraftKings,4.5,2.2,Washington Wizards,Brooklyn Nets
Mikal Bridges,F,BKN,Rebounds,Under,BetMGM,4.5,2.2,Washington Wizards,Brooklyn Nets
Mikal Bridges,F,BKN,Rebounds,Under,PartyCasino,4.5,2.2,Washington Wizards,Brooklyn Nets
Mikal Bridges,F,BKN,Rebounds,Under,bet365,4.5,2.2,Washington Wizards,Brooklyn Nets
Cameron Johnson,F,BKN,Rebounds,Over,bet365,4.5,1.87,Washington Wizards,Brooklyn Nets
Cameron Johnson,F,BKN,Rebounds,Under,SugarHouse,4.5,2.04,Washington Wizards,Brooklyn Nets
Cameron Johnson,F,BKN,Rebounds,Under,BetRivers,4.5,2.04,Washington Wizards,Brooklyn Nets
Deni Avdija,F,WAS,Points,Over,SugarHouse,9.5,1.91,Washington Wizards,Brooklyn Nets
Deni Avdija,F,WAS,Points,Under,FanDuel,9.5,1.96,Washington Wizards,Brooklyn Nets
Cameron Johnson,F,BKN,Points,Over,PointsBet,14.5,1.87,Washington Wizards,Brooklyn Nets
Cameron Johnson,F,BKN,Points,Under,BetMGM,15.5,1.83,Washington Wizards,Brooklyn Nets
Cameron Johnson,F,BKN,Points,Under,PartyCasino,15.5,1.83,Washington Wizards,Brooklyn Nets
Cameron Johnson,F,BKN,Points,Under,bet365,15.5,1.83,Washington Wizards,Brooklyn Nets
Tyus Jones,G,WAS,Points,Over,FanDuel,12.5,1.83,Washington Wizards,Brooklyn Nets
Tyus Jones,G,WAS,Points,Under,bet365,12.5,2.05,Washington Wizards,Brooklyn Nets
Cam Thomas,G,BKN,Points,Over,Caesars,21.5,1.79,Washington Wizards,Brooklyn Nets
Cam Thomas,G,BKN,Points,Under,FanDuel,22.5,1.88,Washington Wizards,Brooklyn Nets
Jordan Poole,G,WAS,Points,Over,FanDuel,19.5,1.94,Washington Wizards,Brooklyn Nets
Jordan Poole,G,WAS,Points,Under,FanDuel,19.5,1.88,Washington Wizards,Brooklyn Nets
Daniel Gafford,F,WAS,Assists,Over,BetMGM,1.5,1.95,Washington Wizards,Brooklyn Nets
Daniel Gafford,F,WAS,Assists,Over,PartyCasino,1.5,1.95,Washington Wizards,Brooklyn Nets
Daniel Gafford,F,WAS,Assists,Over,bet365,1.5,1.95,Washington Wizards,Brooklyn Nets
Daniel Gafford,F,WAS,Assists,Under,Caesars,1.5,1.81,Washington Wizards,Brooklyn Nets
Daniel Gafford,F,WAS,Points,Over,FanDuel,11.5,1.93,Washington Wizards,Brooklyn Nets
Daniel Gafford,F,WAS,Points,Under,DraftKings,11.5,2.0,Washington Wizards,Brooklyn Nets
Daniel Gafford,F,WAS,Points,Under,BetMGM,11.5,2.0,Washington Wizards,Brooklyn Nets
Daniel Gafford,F,WAS,Points,Under,PartyCasino,11.5,2.0,Washington Wizards,Brooklyn Nets
Nic Claxton,C,BKN,Assists,Over,bet365,1.5,1.77,Washington Wizards,Brooklyn Nets
Nic Claxton,C,BKN,Assists,Under,Caesars,1.5,2.02,Washington Wizards,Brooklyn Nets
Spencer Dinwiddie,G,BKN,Assists,Over,FanDuel,6.5,1.67,Washington Wizards,Brooklyn Nets
Spencer Dinwiddie,G,BKN,Assists,Under,Caesars,7.5,1.69,Washington Wizards,Brooklyn Nets
Cameron Johnson,F,BKN,Assists,Over,bet365,2.5,2.35,Washington Wizards,Brooklyn Nets
Cameron Johnson,F,BKN,Assists,Under,PointsBet,2.5,1.63,Washington Wizards,Brooklyn Nets
Mikal Bridges,F,BKN,Points,Over,Caesars,22.5,1.94,Washington Wizards,Brooklyn Nets
Mikal Bridges,F,BKN,Points,Under,FanDuel,22.5,1.91,Washington Wizards,Brooklyn Nets
Kyle Kuzma,F,WAS,Rebounds,Over,bet365,5.5,1.69,Washington Wizards,Brooklyn Nets
Kyle Kuzma,F,WAS,Rebounds,Under,PointsBet,6.5,1.77,Washington Wizards,Brooklyn Nets
Jordan Poole,G,WAS,Assists,Over,FanDuel,3.5,1.96,Washington Wizards,Brooklyn Nets
Jordan Poole,G,WAS,Assists,Under,SugarHouse,3.5,1.91,Washington Wizards,Brooklyn Nets
Jordan Poole,G,WAS,Assists,Under,BetRivers,3.5,1.91,Washington Wizards,Brooklyn Nets
Jordan Poole,G,WAS,Assists,Under,UniBet,3.5,1.91,Washington Wizards,Brooklyn Nets
Giannis Antetokounmpo,F,MIL,Rebounds,Over,bet365,10.5,1.74,Cleveland Cavaliers,Milwaukee Bucks
Giannis Antetokounmpo,F,MIL,Rebounds,Under,PointsBet,11.5,1.87,Cleveland Cavaliers,Milwaukee Bucks
Damian Lillard,G,MIL,Points,Over,DraftKings,24.5,1.95,Cleveland Cavaliers,Milwaukee Bucks
Damian Lillard,G,MIL,Points,Under,PointsBet,24.5,2.0,Cleveland Cavaliers,Milwaukee Bucks
Malik Beasley,G,MIL,Rebounds,Over,SugarHouse,3.5,2.17,Cleveland Cavaliers,Milwaukee Bucks
Malik Beasley,G,MIL,Rebounds,Over,BetRivers,3.5,2.17,Cleveland Cavaliers,Milwaukee Bucks
Malik Beasley,G,MIL,Rebounds,Over,UniBet,3.5,2.17,Cleveland Cavaliers,Milwaukee Bucks
Malik Beasley,G,MIL,Rebounds,Under,PointsBet,3.5,1.8,Cleveland Cavaliers,Milwaukee Bucks
Malik Beasley,G,MIL,Rebounds,Under,bet365,3.5,1.8,Cleveland Cavaliers,Milwaukee Bucks
Brook Lopez,C,MIL,Points,Over,DraftKings,12.5,1.91,Cleveland Cavaliers,Milwaukee Bucks
Brook Lopez,C,MIL,Points,Over,BetMGM,12.5,1.91,Cleveland Cavaliers,Milwaukee Bucks
Brook Lopez,C,MIL,Points,Over,SugarHouse,12.5,1.91,Cleveland Cavaliers,Milwaukee Bucks
Brook Lopez,C,MIL,Points,Over,BetRivers,12.5,1.91,Cleveland Cavaliers,Milwaukee Bucks
Brook Lopez,C,MIL,Points,Over,UniBet,12.5,1.91,Cleveland Cavaliers,Milwaukee Bucks
Brook Lopez,C,MIL,Points,Over,PartyCasino,12.5,1.91,Cleveland Cavaliers,Milwaukee Bucks
Brook Lopez,C,MIL,Points,Under,FanDuel,12.5,1.9,Cleveland Cavaliers,Milwaukee Bucks
Donovan Mitchell,G,CLE,Assists,Over,bet365,6.5,2.2,Cleveland Cavaliers,Milwaukee Bucks
Donovan Mitchell,G,CLE,Assists,Under,PointsBet,6.5,1.8,Cleveland Cavaliers,Milwaukee Bucks
Damian Lillard,G,MIL,Assists,Over,FanDuel,6.5,1.77,Cleveland Cavaliers,Milwaukee Bucks
Damian Lillard,G,MIL,Assists,Over,DraftKings,6.5,1.77,Cleveland Cavaliers,Milwaukee Bucks
Damian Lillard,G,MIL,Assists,Over,PointsBet,6.5,1.77,Cleveland Cavaliers,Milwaukee Bucks
Damian Lillard,G,MIL,Assists,Over,SugarHouse,6.5,1.77,Cleveland Cavaliers,Milwaukee Bucks
Damian Lillard,G,MIL,Assists,Over,BetRivers,6.5,1.77,Cleveland Cavaliers,Milwaukee Bucks
Damian Lillard,G,MIL,Assists,Over,UniBet,6.5,1.77,Cleveland Cavaliers,Milwaukee Bucks
Damian Lillard,G,MIL,Assists,Over,bet365,6.5,1.77,Cleveland Cavaliers,Milwaukee Bucks
Damian Lillard,G,MIL,Assists,Under,FanDuel,6.5,2.02,Cleveland Cavaliers,Milwaukee Bucks
Giannis Antetokounmpo,F,MIL,Points,Over,Caesars,31.5,1.92,Cleveland Cavaliers,Milwaukee Bucks
Giannis Antetokounmpo,F,MIL,Points,Under,DraftKings,31.5,2.0,Cleveland Cavaliers,Milwaukee Bucks
Giannis Antetokounmpo,F,MIL,Points,Under,PointsBet,31.5,2.0,Cleveland Cavaliers,Milwaukee Bucks
Khris Middleton,F,MIL,Rebounds,Over,PointsBet,4.5,1.83,Cleveland Cavaliers,Milwaukee Bucks
Khris Middleton,F,MIL,Rebounds,Under,SugarHouse,4.5,2.15,Cleveland Cavaliers,Milwaukee Bucks
Khris Middleton,F,MIL,Rebounds,Under,BetRivers,4.5,2.15,Cleveland Cavaliers,Milwaukee Bucks
Khris Middleton,F,MIL,Rebounds,Under,UniBet,4.5,2.15,Cleveland Cavaliers,Milwaukee Bucks
Malik Beasley,G,MIL,Assists,Over,Caesars,1.5,2.1,Cleveland Cavaliers,Milwaukee Bucks
Malik Beasley,G,MIL,Assists,Under,bet365,1.5,1.74,Cleveland Cavaliers,Milwaukee Bucks
Brook Lopez,C,MIL,Rebounds,Over,DraftKings,4.5,1.71,Cleveland Cavaliers,Milwaukee Bucks
Brook Lopez,C,MIL,Rebounds,Over,bet365,4.5,1.71,Cleveland Cavaliers,Milwaukee Bucks
Brook Lopez,C,MIL,Rebounds,Under,FanDuel,4.5,2.18,Cleveland Cavaliers,Milwaukee Bucks
Malik Beasley,G,MIL,Points,Over,bet365,8.5,1.83,Cleveland Cavaliers,Milwaukee Bucks
Malik Beasley,G,MIL,Points,Under,FanDuel,9.5,1.88,Cleveland Cavaliers,Milwaukee Bucks
Donovan Mitchell,G,CLE,Points,Over,DraftKings,30.5,1.87,Cleveland Cavaliers,Milwaukee Bucks
Donovan Mitchell,G,CLE,Points,Over,BetMGM,30.5,1.87,Cleveland Cavaliers,Milwaukee Bucks
Donovan Mitchell,G,CLE,Points,Over,PointsBet,30.5,1.87,Cleveland Cavaliers,Milwaukee Bucks
Donovan Mitchell,G,CLE,Points,Over,PartyCasino,30.5,1.87,Cleveland Cavaliers,Milwaukee Bucks
Donovan Mitchell,G,CLE,Points,Under,Caesars,30.5,2.08,Cleveland Cavaliers,Milwaukee Bucks
Giannis Antetokounmpo,F,MIL,Assists,Over,DraftKings,6.5,2.3,Cleveland Cavaliers,Milwaukee Bucks
Giannis Antetokounmpo,F,MIL,Assists,Under,bet365,6.5,1.69,Cleveland Cavaliers,Milwaukee Bucks
Damian Lillard,G,MIL,Rebounds,Over,FanDuel,3.5,1.65,Cleveland Cavaliers,Milwaukee Bucks
Damian Lillard,G,MIL,Rebounds,Under,bet365,3.5,2.25,Cleveland Cavaliers,Milwaukee Bucks
Khris Middleton,F,MIL,Points,Over,FanDuel,17.5,1.88,Cleveland Cavaliers,Milwaukee Bucks
Khris Middleton,F,MIL,Points,Under,SugarHouse,17.5,1.97,Cleveland Cavaliers,Milwaukee Bucks
Khris Middleton,F,MIL,Points,Under,BetRivers,17.5,1.97,Cleveland Cavaliers,Milwaukee Bucks
Khris Middleton,F,MIL,Points,Under,UniBet,17.5,1.97,Cleveland Cavaliers,Milwaukee Bucks
Brook Lopez,C,MIL,Assists,Over,bet365,1.5,2.7,Cleveland Cavaliers,Milwaukee Bucks
Brook Lopez,C,MIL,Assists,Under,bet365,1.5,1.45,Cleveland Cavaliers,Milwaukee Bucks
Khris Middleton,F,MIL,Assists,Over,bet365,4.5,1.74,Cleveland Cavaliers,Milwaukee Bucks
Khris Middleton,F,MIL,Assists,Under,DraftKings,4.5,2.2,Cleveland Cavaliers,Milwaukee Bucks
Khris Middleton,F,MIL,Assists,Under,PointsBet,4.5,2.2,Cleveland Cavaliers,Milwaukee Bucks
Donovan Mitchell,G,CLE,Rebounds,Over,PointsBet,4.5,1.71,Cleveland Cavaliers,Milwaukee Bucks
Donovan Mitchell,G,CLE,Rebounds,Under,BetMGM,4.5,2.15,Cleveland Cavaliers,Milwaukee Bucks
Donovan Mitchell,G,CLE,Rebounds,Under,PartyCasino,4.5,2.15,Cleveland Cavaliers,Milwaukee Bucks
Donovan Mitchell,G,CLE,Rebounds,Under,bet365,4.5,2.15,Cleveland Cavaliers,Milwaukee Bucks
Trae Young,G,ATL,Rebounds,Over,PointsBet,3.5,2.25,Atlanta Hawks,Sacramento Kings
Trae Young,G,ATL,Rebounds,Under,bet365,3.5,1.69,Atlanta Hawks,Sacramento Kings
De'Aaron Fox,G,SAC,Rebounds,Over,FanDuel,4.5,2.14,Atlanta Hawks,Sacramento Kings
De'Aaron Fox,G,SAC,Rebounds,Under,PointsBet,4.5,1.77,Atlanta Hawks,Sacramento Kings
Kevin Huerter,G,SAC,Points,Over,DraftKings,9.5,2.0,Atlanta Hawks,Sacramento Kings
Kevin Huerter,G,SAC,Points,Over,BetMGM,9.5,2.0,Atlanta Hawks,Sacramento Kings
Kevin Huerter,G,SAC,Points,Over,PointsBet,9.5,2.0,Atlanta Hawks,Sacramento Kings
Kevin Huerter,G,SAC,Points,Over,PartyCasino,9.5,2.0,Atlanta Hawks,Sacramento Kings
Kevin Huerter,G,SAC,Points,Under,bet365,9.5,1.95,Atlanta Hawks,Sacramento Kings
Harrison Barnes,F,SAC,Assists,Over,bet365,1.5,2.4,Atlanta Hawks,Sacramento Kings
Harrison Barnes,F,SAC,Assists,Under,Caesars,1.5,1.59,Atlanta Hawks,Sacramento Kings
Clint Capela,C,ATL,Rebounds,Over,BetMGM,10.5,2.05,Atlanta Hawks,Sacramento Kings
Clint Capela,C,ATL,Rebounds,Over,PartyCasino,10.5,2.05,Atlanta Hawks,Sacramento Kings
Clint Capela,C,ATL,Rebounds,Under,FanDuel,10.5,1.88,Atlanta Hawks,Sacramento Kings
Dejounte Murray,G,ATL,Points,Over,bet365,20.5,1.87,Atlanta Hawks,Sacramento Kings
Dejounte Murray,G,ATL,Points,Under,PointsBet,21.5,1.87,Atlanta Hawks,Sacramento Kings
Harrison Barnes,F,SAC,Rebounds,Over,FanDuel,3.5,1.96,Atlanta Hawks,Sacramento Kings
Harrison Barnes,F,SAC,Rebounds,Under,bet365,3.5,1.87,Atlanta Hawks,Sacramento Kings
Domantas Sabonis,F,SAC,Points,Over,DraftKings,21.5,1.91,Atlanta Hawks,Sacramento Kings
Domantas Sabonis,F,SAC,Points,Over,BetMGM,21.5,1.91,Atlanta Hawks,Sacramento Kings
Domantas Sabonis,F,SAC,Points,Over,PointsBet,21.5,1.91,Atlanta Hawks,Sacramento Kings
Domantas Sabonis,F,SAC,Points,Over,PartyCasino,21.5,1.91,Atlanta Hawks,Sacramento Kings
Domantas Sabonis,F,SAC,Points,Under,FanDuel,21.5,1.87,Atlanta Hawks,Sacramento Kings
Domantas Sabonis,F,SAC,Points,Under,bet365,21.5,1.87,Atlanta Hawks,Sacramento Kings
Kevin Huerter,G,SAC,Assists,Over,DraftKings,2.5,2.3,Atlanta Hawks,Sacramento Kings
Kevin Huerter,G,SAC,Assists,Over,PointsBet,2.5,2.3,Atlanta Hawks,Sacramento Kings
Kevin Huerter,G,SAC,Assists,Over,SugarHouse,2.5,2.3,Atlanta Hawks,Sacramento Kings
Kevin Huerter,G,SAC,Assists,Over,BetRivers,2.5,2.3,Atlanta Hawks,Sacramento Kings
Kevin Huerter,G,SAC,Assists,Over,UniBet,2.5,2.3,Atlanta Hawks,Sacramento Kings
Kevin Huerter,G,SAC,Assists,Over,bet365,2.5,2.3,Atlanta Hawks,Sacramento Kings
Kevin Huerter,G,SAC,Assists,Under,bet365,2.5,1.63,Atlanta Hawks,Sacramento Kings
Kevin Huerter,G,SAC,Rebounds,Over,bet365,3.5,2.35,Atlanta Hawks,Sacramento Kings
Kevin Huerter,G,SAC,Rebounds,Under,BetMGM,3.5,1.61,Atlanta Hawks,Sacramento Kings
Kevin Huerter,G,SAC,Rebounds,Under,PointsBet,3.5,1.61,Atlanta Hawks,Sacramento Kings
Kevin Huerter,G,SAC,Rebounds,Under,PartyCasino,3.5,1.61,Atlanta Hawks,Sacramento Kings
Kevin Huerter,G,SAC,Rebounds,Under,bet365,3.5,1.61,Atlanta Hawks,Sacramento Kings
Harrison Barnes,F,SAC,Points,Over,FanDuel,11.5,1.88,Atlanta Hawks,Sacramento Kings
Harrison Barnes,F,SAC,Points,Under,Caesars,11.5,1.92,Atlanta Hawks,Sacramento Kings
Keegan Murray,F,SAC,Points,Over,bet365,16.5,2.05,Atlanta Hawks,Sacramento Kings
Keegan Murray,F,SAC,Points,Under,Caesars,16.5,1.96,Atlanta Hawks,Sacramento Kings
Keegan Murray,F,SAC,Rebounds,Over,FanDuel,5.5,1.96,Atlanta Hawks,Sacramento Kings
Keegan Murray,F,SAC,Rebounds,Under,Caesars,5.5,2.02,Atlanta Hawks,Sacramento Kings
Saddiq Bey,F,ATL,Points,Over,FanDuel,13.5,1.88,Atlanta Hawks,Sacramento Kings
Saddiq Bey,F,ATL,Points,Under,SugarHouse,13.5,1.97,Atlanta Hawks,Sacramento Kings
Saddiq Bey,F,ATL,Points,Under,BetRivers,13.5,1.97,Atlanta Hawks,Sacramento Kings
Saddiq Bey,F,ATL,Points,Under,UniBet,13.5,1.97,Atlanta Hawks,Sacramento Kings
Dejounte Murray,G,ATL,Rebounds,Over,FanDuel,4.5,1.87,Atlanta Hawks,Sacramento Kings
Dejounte Murray,G,ATL,Rebounds,Under,DraftKings,4.5,1.95,Atlanta Hawks,Sacramento Kings
Dejounte Murray,G,ATL,Rebounds,Under,BetMGM,4.5,1.95,Atlanta Hawks,Sacramento Kings
Dejounte Murray,G,ATL,Rebounds,Under,PointsBet,4.5,1.95,Atlanta Hawks,Sacramento Kings
Dejounte Murray,G,ATL,Rebounds,Under,PartyCasino,4.5,1.95,Atlanta Hawks,Sacramento Kings
Trae Young,G,ATL,Assists,Over,SugarHouse,11.5,1.95,Atlanta Hawks,Sacramento Kings
Trae Young,G,ATL,Assists,Over,BetRivers,11.5,1.95,Atlanta Hawks,Sacramento Kings
Trae Young,G,ATL,Assists,Over,UniBet,11.5,1.95,Atlanta Hawks,Sacramento Kings
Trae Young,G,ATL,Assists,Under,FanDuel,11.5,2.0,Atlanta Hawks,Sacramento Kings
De'Aaron Fox,G,SAC,Assists,Over,DraftKings,6.5,2.1,Atlanta Hawks,Sacramento Kings
De'Aaron Fox,G,SAC,Assists,Under,FanDuel,6.5,1.82,Atlanta Hawks,Sacramento Kings
Jalen Johnson,F,ATL,Points,Over,DraftKings,12.5,1.83,Atlanta Hawks,Sacramento Kings
Jalen Johnson,F,ATL,Points,Under,Caesars,13.5,2.02,Atlanta Hawks,Sacramento Kings
Jalen Johnson,F,ATL,Assists,Over,bet365,2.5,2.35,Atlanta Hawks,Sacramento Kings
Jalen Johnson,F,ATL,Assists,Under,Caesars,2.5,1.65,Atlanta Hawks,Sacramento Kings
Saddiq Bey,F,ATL,Assists,Over,bet365,1.5,2.6,Atlanta Hawks,Sacramento Kings
Saddiq Bey,F,ATL,Assists,Under,bet365,1.5,1.5,Atlanta Hawks,Sacramento Kings
Bogdan Bogdanovic,G,ATL,Points,Over,bet365,18.5,1.87,Atlanta Hawks,Sacramento Kings
Bogdan Bogdanovic,G,ATL,Points,Under,bet365,18.5,1.87,Atlanta Hawks,Sacramento Kings
Keegan Murray,F,SAC,Assists,Over,BetMGM,1.5,2.05,Atlanta Hawks,Sacramento Kings
Keegan Murray,F,SAC,Assists,Over,PartyCasino,1.5,2.05,Atlanta Hawks,Sacramento Kings
Keegan Murray,F,SAC,Assists,Over,bet365,1.5,2.05,Atlanta Hawks,Sacramento Kings
Keegan Murray,F,SAC,Assists,Under,Caesars,1.5,1.78,Atlanta Hawks,Sacramento Kings
Dejounte Murray,G,ATL,Assists,Over,SugarHouse,4.5,1.64,Atlanta Hawks,Sacramento Kings
Dejounte Murray,G,ATL,Assists,Over,BetRivers,4.5,1.64,Atlanta Hawks,Sacramento Kings
Dejounte Murray,G,ATL,Assists,Over,UniBet,4.5,1.64,Atlanta Hawks,Sacramento Kings
Dejounte Murray,G,ATL,Assists,Under,FanDuel,5.5,1.63,Atlanta Hawks,Sacramento Kings
Domantas Sabonis,F,SAC,Rebounds,Over,BetMGM,12.5,1.8,Atlanta Hawks,Sacramento Kings
Domantas Sabonis,F,SAC,Rebounds,Over,PartyCasino,12.5,1.8,Atlanta Hawks,Sacramento Kings
Domantas Sabonis,F,SAC,Rebounds,Under,DraftKings,12.5,2.05,Atlanta Hawks,Sacramento Kings
Domantas Sabonis,F,SAC,Rebounds,Under,PointsBet,12.5,2.05,Atlanta Hawks,Sacramento Kings
Trae Young,G,ATL,Points,Over,bet365,28.5,1.87,Atlanta Hawks,Sacramento Kings
Trae Young,G,ATL,Points,Under,FanDuel,29.5,1.88,Atlanta Hawks,Sacramento Kings
Jalen Johnson,F,ATL,Rebounds,Over,FanDuel,7.5,2.0,Atlanta Hawks,Sacramento Kings
Jalen Johnson,F,ATL,Rebounds,Under,Caesars,7.5,1.93,Atlanta Hawks,Sacramento Kings
Saddiq Bey,F,ATL,Rebounds,Over,FanDuel,6.5,2.08,Atlanta Hawks,Sacramento Kings
Saddiq Bey,F,ATL,Rebounds,Under,PointsBet,6.5,1.8,Atlanta Hawks,Sacramento Kings
Clint Capela,C,ATL,Assists,Over,Caesars,0.5,1.56,Atlanta Hawks,Sacramento Kings
Clint Capela,C,ATL,Assists,Under,bet365,0.5,2.55,Atlanta Hawks,Sacramento Kings
Clint Capela,C,ATL,Points,Over,FanDuel,12.5,1.96,Atlanta Hawks,Sacramento Kings
Clint Capela,C,ATL,Points,Under,SugarHouse,12.5,1.93,Atlanta Hawks,Sacramento Kings
Clint Capela,C,ATL,Points,Under,BetRivers,12.5,1.93,Atlanta Hawks,Sacramento Kings
Clint Capela,C,ATL,Points,Under,UniBet,12.5,1.93,Atlanta Hawks,Sacramento Kings
Domantas Sabonis,F,SAC,Assists,Over,SugarHouse,7.5,1.83,Atlanta Hawks,Sacramento Kings
Domantas Sabonis,F,SAC,Assists,Over,BetRivers,7.5,1.83,Atlanta Hawks,Sacramento Kings
Domantas Sabonis,F,SAC,Assists,Over,UniBet,7.5,1.83,Atlanta Hawks,Sacramento Kings
Domantas Sabonis,F,SAC,Assists,Under,DraftKings,7.5,2.0,Atlanta Hawks,Sacramento Kings
Domantas Sabonis,F,SAC,Assists,Under,BetMGM,7.5,2.0,Atlanta Hawks,Sacramento Kings
Domantas Sabonis,F,SAC,Assists,Under,Caesars,7.5,2.0,Atlanta Hawks,Sacramento Kings
Domantas Sabonis,F,SAC,Assists,Under,PartyCasino,7.5,2.0,Atlanta Hawks,Sacramento Kings
De'Aaron Fox,G,SAC,Points,Over,Caesars,30.5,1.92,Atlanta Hawks,Sacramento Kings
De'Aaron Fox,G,SAC,Points,Under,PointsBet,31.5,1.87,Atlanta Hawks,Sacramento Kings
Scottie Barnes,F,TOR,Points,Over,PointsBet,20.5,1.91,Boston Celtics,Toronto Raptors
Scottie Barnes,F,TOR,Points,Under,PointsBet,20.5,1.83,Boston Celtics,Toronto Raptors
Scottie Barnes,F,TOR,Rebounds,Over,PointsBet,8.5,1.77,Boston Celtics,Toronto Raptors
Scottie Barnes,F,TOR,Rebounds,Under,PointsBet,8.5,2.0,Boston Celtics,Toronto Raptors
Jakob Poeltl,C,TOR,Points,Over,PointsBet,9.5,1.8,Boston Celtics,Toronto Raptors
Jakob Poeltl,C,TOR,Points,Under,PointsBet,9.5,1.95,Boston Celtics,Toronto Raptors
OG Anunoby,F,TOR,Assists,Over,PointsBet,2.5,1.91,Boston Celtics,Toronto Raptors
OG Anunoby,F,TOR,Assists,Under,PointsBet,2.5,1.83,Boston Celtics,Toronto Raptors
Scottie Barnes,F,TOR,Assists,Over,PointsBet,6.5,1.95,Boston Celtics,Toronto Raptors
Scottie Barnes,F,TOR,Assists,Under,PointsBet,6.5,1.8,Boston Celtics,Toronto Raptors
Pascal Siakam,F,TOR,Assists,Over,PointsBet,5.5,1.95,Boston Celtics,Toronto Raptors
Pascal Siakam,F,TOR,Assists,Under,PointsBet,5.5,1.8,Boston Celtics,Toronto Raptors
Jakob Poeltl,C,TOR,Assists,Over,PointsBet,1.5,1.56,Boston Celtics,Toronto Raptors
Jakob Poeltl,C,TOR,Assists,Under,PointsBet,1.5,2.4,Boston Celtics,Toronto Raptors
Pascal Siakam,F,TOR,Points,Over,PointsBet,22.5,1.87,Boston Celtics,Toronto Raptors
Pascal Siakam,F,TOR,Points,Under,PointsBet,22.5,1.87,Boston Celtics,Toronto Raptors
OG Anunoby,F,TOR,Points,Over,PointsBet,13.5,1.8,Boston Celtics,Toronto Raptors
OG Anunoby,F,TOR,Points,Under,PointsBet,13.5,1.95,Boston Celtics,Toronto Raptors
OG Anunoby,F,TOR,Rebounds,Over,PointsBet,4.5,2.15,Boston Celtics,Toronto Raptors
OG Anunoby,F,TOR,Rebounds,Under,PointsBet,4.5,1.67,Boston Celtics,Toronto Raptors
Jakob Poeltl,C,TOR,Rebounds,Over,PointsBet,7.5,1.77,Boston Celtics,Toronto Raptors
Jakob Poeltl,C,TOR,Rebounds,Under,PointsBet,7.5,2.0,Boston Celtics,Toronto Raptors
Pascal Siakam,F,TOR,Rebounds,Over,PointsBet,7.5,2.0,Boston Celtics,Toronto Raptors
Pascal Siakam,F,TOR,Rebounds,Under,PointsBet,7.5,1.77,Boston Celtics,Toronto Raptors
Tobias Harris,F,PHI,Assists,Over,Caesars,2.5,1.59,Houston Rockets,Philadelphia 76ers
Tobias Harris,F,PHI,Assists,Under,FanDuel,3.5,1.6,Houston Rockets,Philadelphia 76ers
Paul Reed,F,PHI,Points,Over,DraftKings,8.5,1.91,Houston Rockets,Philadelphia 76ers
Paul Reed,F,PHI,Points,Over,PointsBet,8.5,1.91,Houston Rockets,Philadelphia 76ers
Paul Reed,F,PHI,Points,Under,FanDuel,8.5,1.98,Houston Rockets,Philadelphia 76ers
Tyrese Maxey,G,PHI,Rebounds,Over,PointsBet,3.5,1.8,Houston Rockets,Philadelphia 76ers
Tyrese Maxey,G,PHI,Rebounds,Under,FanDuel,3.5,2.12,Houston Rockets,Philadelphia 76ers
De'Anthony Melton,G,PHI,Points,Over,BetMGM,14.5,1.77,Houston Rockets,Philadelphia 76ers
De'Anthony Melton,G,PHI,Points,Over,SugarHouse,14.5,1.77,Houston Rockets,Philadelphia 76ers
De'Anthony Melton,G,PHI,Points,Over,BetRivers,14.5,1.77,Houston Rockets,Philadelphia 76ers
De'Anthony Melton,G,PHI,Points,Over,UniBet,14.5,1.77,Houston Rockets,Philadelphia 76ers
De'Anthony Melton,G,PHI,Points,Over,PartyCasino,14.5,1.77,Houston Rockets,Philadelphia 76ers
De'Anthony Melton,G,PHI,Points,Under,FanDuel,15.5,1.9,Houston Rockets,Philadelphia 76ers
Alperen Sengun,C,HOU,Points,Over,DraftKings,23.5,1.95,Houston Rockets,Philadelphia 76ers
Alperen Sengun,C,HOU,Points,Over,BetMGM,23.5,1.95,Houston Rockets,Philadelphia 76ers
Alperen Sengun,C,HOU,Points,Over,PartyCasino,23.5,1.95,Houston Rockets,Philadelphia 76ers
Alperen Sengun,C,HOU,Points,Under,FanDuel,23.5,1.85,Houston Rockets,Philadelphia 76ers
Tyrese Maxey,G,PHI,Assists,Over,SugarHouse,6.5,2.0,Houston Rockets,Philadelphia 76ers
Tyrese Maxey,G,PHI,Assists,Over,BetRivers,6.5,2.0,Houston Rockets,Philadelphia 76ers
Tyrese Maxey,G,PHI,Assists,Over,UniBet,6.5,2.0,Houston Rockets,Philadelphia 76ers
Tyrese Maxey,G,PHI,Assists,Under,FanDuel,6.5,1.88,Houston Rockets,Philadelphia 76ers
Tobias Harris,F,PHI,Points,Over,FanDuel,20.5,1.8,Houston Rockets,Philadelphia 76ers
Tobias Harris,F,PHI,Points,Under,BetMGM,21.5,1.91,Houston Rockets,Philadelphia 76ers
Tobias Harris,F,PHI,Points,Under,PartyCasino,21.5,1.91,Houston Rockets,Philadelphia 76ers
Tobias Harris,F,PHI,Points,Under,bet365,21.5,1.91,Houston Rockets,Philadelphia 76ers
Fred VanVleet,G,HOU,Rebounds,Over,bet365,4.5,2.3,Houston Rockets,Philadelphia 76ers
Fred VanVleet,G,HOU,Rebounds,Under,FanDuel,4.5,1.64,Houston Rockets,Philadelphia 76ers
Fred VanVleet,G,HOU,Points,Over,BetMGM,18.5,1.91,Houston Rockets,Philadelphia 76ers
Fred VanVleet,G,HOU,Points,Over,PartyCasino,18.5,1.91,Houston Rockets,Philadelphia 76ers
Fred VanVleet,G,HOU,Points,Under,FanDuel,18.5,1.87,Houston Rockets,Philadelphia 76ers
Fred VanVleet,G,HOU,Points,Under,DraftKings,18.5,1.87,Houston Rockets,Philadelphia 76ers
Fred VanVleet,G,HOU,Points,Under,PointsBet,18.5,1.87,Houston Rockets,Philadelphia 76ers
Fred VanVleet,G,HOU,Points,Under,bet365,18.5,1.87,Houston Rockets,Philadelphia 76ers
Tobias Harris,F,PHI,Rebounds,Over,FanDuel,6.5,1.8,Houston Rockets,Philadelphia 76ers
Tobias Harris,F,PHI,Rebounds,Over,PointsBet,6.5,1.8,Houston Rockets,Philadelphia 76ers
Tobias Harris,F,PHI,Rebounds,Under,DraftKings,6.5,2.0,Houston Rockets,Philadelphia 76ers
Tobias Harris,F,PHI,Rebounds,Under,BetMGM,6.5,2.0,Houston Rockets,Philadelphia 76ers
Tobias Harris,F,PHI,Rebounds,Under,SugarHouse,6.5,2.0,Houston Rockets,Philadelphia 76ers
Tobias Harris,F,PHI,Rebounds,Under,BetRivers,6.5,2.0,Houston Rockets,Philadelphia 76ers
Tobias Harris,F,PHI,Rebounds,Under,UniBet,6.5,2.0,Houston Rockets,Philadelphia 76ers
Tobias Harris,F,PHI,Rebounds,Under,PartyCasino,6.5,2.0,Houston Rockets,Philadelphia 76ers
Tobias Harris,F,PHI,Rebounds,Under,bet365,6.5,2.0,Houston Rockets,Philadelphia 76ers
De'Anthony Melton,G,PHI,Rebounds,Over,FanDuel,4.5,1.93,Houston Rockets,Philadelphia 76ers
De'Anthony Melton,G,PHI,Rebounds,Under,SugarHouse,4.5,1.93,Houston Rockets,Philadelphia 76ers
De'Anthony Melton,G,PHI,Rebounds,Under,BetRivers,4.5,1.93,Houston Rockets,Philadelphia 76ers
De'Anthony Melton,G,PHI,Rebounds,Under,UniBet,4.5,1.93,Houston Rockets,Philadelphia 76ers
Jalen Green,G,HOU,Assists,Over,SugarHouse,2.5,1.83,Houston Rockets,Philadelphia 76ers
Jalen Green,G,HOU,Assists,Over,BetRivers,2.5,1.83,Houston Rockets,Philadelphia 76ers
Jalen Green,G,HOU,Assists,Over,bet365,2.5,1.83,Houston Rockets,Philadelphia 76ers
Jalen Green,G,HOU,Assists,Under,FanDuel,2.5,1.98,Houston Rockets,Philadelphia 76ers
Jalen Green,G,HOU,Rebounds,Over,FanDuel,4.5,2.04,Houston Rockets,Philadelphia 76ers
Jalen Green,G,HOU,Rebounds,Under,bet365,4.5,1.8,Houston Rockets,Philadelphia 76ers
Jalen Green,G,HOU,Points,Over,FanDuel,19.5,1.88,Houston Rockets,Philadelphia 76ers
Jalen Green,G,HOU,Points,Under,PointsBet,20.5,1.87,Houston Rockets,Philadelphia 76ers
Jalen Green,G,HOU,Points,Under,bet365,20.5,1.87,Houston Rockets,Philadelphia 76ers
Alperen Sengun,C,HOU,Rebounds,Over,FanDuel,10.5,1.9,Houston Rockets,Philadelphia 76ers
Alperen Sengun,C,HOU,Rebounds,Under,DraftKings,10.5,2.05,Houston Rockets,Philadelphia 76ers
Paul Reed,F,PHI,Assists,Over,Caesars,1.5,1.8,Houston Rockets,Philadelphia 76ers
Paul Reed,F,PHI,Assists,Under,Caesars,1.5,1.92,Houston Rockets,Philadelphia 76ers
Fred VanVleet,G,HOU,Assists,Over,DraftKings,7.5,1.87,Houston Rockets,Philadelphia 76ers
Fred VanVleet,G,HOU,Assists,Over,BetMGM,7.5,1.87,Houston Rockets,Philadelphia 76ers
Fred VanVleet,G,HOU,Assists,Over,PointsBet,7.5,1.87,Houston Rockets,Philadelphia 76ers
Fred VanVleet,G,HOU,Assists,Over,PartyCasino,7.5,1.87,Houston Rockets,Philadelphia 76ers
Fred VanVleet,G,HOU,Assists,Over,bet365,7.5,1.87,Houston Rockets,Philadelphia 76ers
Fred VanVleet,G,HOU,Assists,Under,FanDuel,7.5,2.06,Houston Rockets,Philadelphia 76ers
De'Anthony Melton,G,PHI,Assists,Over,DraftKings,3.5,1.95,Houston Rockets,Philadelphia 76ers
De'Anthony Melton,G,PHI,Assists,Over,BetMGM,3.5,1.95,Houston Rockets,Philadelphia 76ers
De'Anthony Melton,G,PHI,Assists,Over,PointsBet,3.5,1.95,Houston Rockets,Philadelphia 76ers
De'Anthony Melton,G,PHI,Assists,Over,PartyCasino,3.5,1.95,Houston Rockets,Philadelphia 76ers
De'Anthony Melton,G,PHI,Assists,Under,SugarHouse,3.5,2.0,Houston Rockets,Philadelphia 76ers
De'Anthony Melton,G,PHI,Assists,Under,BetRivers,3.5,2.0,Houston Rockets,Philadelphia 76ers
De'Anthony Melton,G,PHI,Assists,Under,UniBet,3.5,2.0,Houston Rockets,Philadelphia 76ers
Paul Reed,F,PHI,Rebounds,Over,FanDuel,7.5,1.7,Houston Rockets,Philadelphia 76ers
Paul Reed,F,PHI,Rebounds,Under,PointsBet,8.5,1.87,Houston Rockets,Philadelphia 76ers
Alperen Sengun,C,HOU,Assists,Over,SugarHouse,4.5,2.0,Houston Rockets,Philadelphia 76ers
Alperen Sengun,C,HOU,Assists,Over,BetRivers,4.5,2.0,Houston Rockets,Philadelphia 76ers
Alperen Sengun,C,HOU,Assists,Under,FanDuel,4.5,1.83,Houston Rockets,Philadelphia 76ers
Alperen Sengun,C,HOU,Assists,Under,PointsBet,4.5,1.83,Houston Rockets,Philadelphia 76ers
Alperen Sengun,C,HOU,Assists,Under,bet365,4.5,1.83,Houston Rockets,Philadelphia 76ers
Tyrese Maxey,G,PHI,Points,Over,bet365,27.5,1.87,Houston Rockets,Philadelphia 76ers
Tyrese Maxey,G,PHI,Points,Under,PointsBet,28.5,1.87,Houston Rockets,Philadelphia 76ers
Jalen Williams,G,OKC,Assists,Over,SugarHouse,3.5,2.07,Denver Nuggets,Oklahoma City Thunder
Jalen Williams,G,OKC,Assists,Over,BetRivers,3.5,2.07,Denver Nuggets,Oklahoma City Thunder
Jalen Williams,G,OKC,Assists,Over,UniBet,3.5,2.07,Denver Nuggets,Oklahoma City Thunder
Jalen Williams,G,OKC,Assists,Under,DraftKings,3.5,1.77,Denver Nuggets,Oklahoma City Thunder
Jalen Williams,G,OKC,Assists,Under,PointsBet,3.5,1.77,Denver Nuggets,Oklahoma City Thunder
Jalen Williams,G,OKC,Assists,Under,bet365,3.5,1.77,Denver Nuggets,Oklahoma City Thunder
Nikola Jokic,C,DEN,Assists,Over,BetMGM,9.5,2.0,Denver Nuggets,Oklahoma City Thunder
Nikola Jokic,C,DEN,Assists,Over,Caesars,9.5,2.0,Denver Nuggets,Oklahoma City Thunder
Nikola Jokic,C,DEN,Assists,Over,PartyCasino,9.5,2.0,Denver Nuggets,Oklahoma City Thunder
Nikola Jokic,C,DEN,Assists,Under,DraftKings,9.5,1.91,Denver Nuggets,Oklahoma City Thunder
Nikola Jokic,C,DEN,Assists,Under,bet365,9.5,1.91,Denver Nuggets,Oklahoma City Thunder
Chet Holmgren,F,OKC,Rebounds,Over,bet365,7.5,1.87,Denver Nuggets,Oklahoma City Thunder
Chet Holmgren,F,OKC,Rebounds,Under,DraftKings,7.5,2.1,Denver Nuggets,Oklahoma City Thunder
Chet Holmgren,F,OKC,Rebounds,Under,PointsBet,7.5,2.1,Denver Nuggets,Oklahoma City Thunder
Jalen Williams,G,OKC,Rebounds,Over,FanDuel,3.5,1.74,Denver Nuggets,Oklahoma City Thunder
Jalen Williams,G,OKC,Rebounds,Under,SugarHouse,3.5,2.28,Denver Nuggets,Oklahoma City Thunder
Jalen Williams,G,OKC,Rebounds,Under,BetRivers,3.5,2.28,Denver Nuggets,Oklahoma City Thunder
Jalen Williams,G,OKC,Rebounds,Under,UniBet,3.5,2.28,Denver Nuggets,Oklahoma City Thunder
Jalen Williams,G,OKC,Points,Over,DraftKings,17.5,1.95,Denver Nuggets,Oklahoma City Thunder
Jalen Williams,G,OKC,Points,Under,bet365,17.5,1.91,Denver Nuggets,Oklahoma City Thunder
Nikola Jokic,C,DEN,Points,Over,bet365,26.5,1.83,Denver Nuggets,Oklahoma City Thunder
Nikola Jokic,C,DEN,Points,Under,PointsBet,27.5,1.87,Denver Nuggets,Oklahoma City Thunder
Jamal Murray,G,DEN,Points,Over,FanDuel,22.5,1.88,Denver Nuggets,Oklahoma City Thunder
Jamal Murray,G,DEN,Points,Under,DraftKings,22.5,1.95,Denver Nuggets,Oklahoma City Thunder
Jamal Murray,G,DEN,Points,Under,PointsBet,22.5,1.95,Denver Nuggets,Oklahoma City Thunder
Michael Porter Jr.,F,DEN,Assists,Over,Caesars,1.5,2.06,Denver Nuggets,Oklahoma City Thunder
Michael Porter Jr.,F,DEN,Assists,Under,bet365,1.5,1.74,Denver Nuggets,Oklahoma City Thunder
Michael Porter Jr.,F,DEN,Rebounds,Over,FanDuel,7.5,1.9,Denver Nuggets,Oklahoma City Thunder
Michael Porter Jr.,F,DEN,Rebounds,Under,DraftKings,7.5,2.1,Denver Nuggets,Oklahoma City Thunder
Luguentz Dort,G,OKC,Rebounds,Over,FanDuel,3.5,1.67,Denver Nuggets,Oklahoma City Thunder
Luguentz Dort,G,OKC,Rebounds,Under,DraftKings,4.5,1.63,Denver Nuggets,Oklahoma City Thunder
Luguentz Dort,G,OKC,Rebounds,Under,BetMGM,4.5,1.63,Denver Nuggets,Oklahoma City Thunder
Luguentz Dort,G,OKC,Rebounds,Under,PointsBet,4.5,1.63,Denver Nuggets,Oklahoma City Thunder
Luguentz Dort,G,OKC,Rebounds,Under,PartyCasino,4.5,1.63,Denver Nuggets,Oklahoma City Thunder
Luguentz Dort,G,OKC,Rebounds,Under,bet365,4.5,1.63,Denver Nuggets,Oklahoma City Thunder
Chet Holmgren,F,OKC,Points,Over,DraftKings,17.5,1.91,Denver Nuggets,Oklahoma City Thunder
Chet Holmgren,F,OKC,Points,Over,BetMGM,17.5,1.91,Denver Nuggets,Oklahoma City Thunder
Chet Holmgren,F,OKC,Points,Over,PointsBet,17.5,1.91,Denver Nuggets,Oklahoma City Thunder
Chet Holmgren,F,OKC,Points,Over,PartyCasino,17.5,1.91,Denver Nuggets,Oklahoma City Thunder
Chet Holmgren,F,OKC,Points,Under,FanDuel,17.5,1.87,Denver Nuggets,Oklahoma City Thunder
Chet Holmgren,F,OKC,Points,Under,SugarHouse,17.5,1.87,Denver Nuggets,Oklahoma City Thunder
Chet Holmgren,F,OKC,Points,Under,BetRivers,17.5,1.87,Denver Nuggets,Oklahoma City Thunder
Chet Holmgren,F,OKC,Points,Under,UniBet,17.5,1.87,Denver Nuggets,Oklahoma City Thunder
Chet Holmgren,F,OKC,Points,Under,bet365,17.5,1.87,Denver Nuggets,Oklahoma City Thunder
Shai Gilgeous-Alexander,G,OKC,Assists,Over,DraftKings,5.5,1.67,Denver Nuggets,Oklahoma City Thunder
Shai Gilgeous-Alexander,G,OKC,Assists,Under,FanDuel,6.5,1.77,Denver Nuggets,Oklahoma City Thunder
Shai Gilgeous-Alexander,G,OKC,Points,Over,FanDuel,32.5,1.88,Denver Nuggets,Oklahoma City Thunder
Shai Gilgeous-Alexander,G,OKC,Points,Under,PointsBet,33.5,1.8,Denver Nuggets,Oklahoma City Thunder
Jamal Murray,G,DEN,Assists,Over,DraftKings,6.5,2.05,Denver Nuggets,Oklahoma City Thunder
Jamal Murray,G,DEN,Assists,Over,BetMGM,6.5,2.05,Denver Nuggets,Oklahoma City Thunder
Jamal Murray,G,DEN,Assists,Over,PartyCasino,6.5,2.05,Denver Nuggets,Oklahoma City Thunder
Jamal Murray,G,DEN,Assists,Over,bet365,6.5,2.05,Denver Nuggets,Oklahoma City Thunder
Jamal Murray,G,DEN,Assists,Under,PointsBet,6.5,1.8,Denver Nuggets,Oklahoma City Thunder
Jamal Murray,G,DEN,Assists,Under,SugarHouse,6.5,1.8,Denver Nuggets,Oklahoma City Thunder
Jamal Murray,G,DEN,Assists,Under,BetRivers,6.5,1.8,Denver Nuggets,Oklahoma City Thunder
Jamal Murray,G,DEN,Assists,Under,UniBet,6.5,1.8,Denver Nuggets,Oklahoma City Thunder
Luguentz Dort,G,OKC,Points,Over,FanDuel,9.5,1.78,Denver Nuggets,Oklahoma City Thunder
Luguentz Dort,G,OKC,Points,Under,bet365,10.5,1.8,Denver Nuggets,Oklahoma City Thunder
Shai Gilgeous-Alexander,G,OKC,Rebounds,Over,PointsBet,5.5,1.8,Denver Nuggets,Oklahoma City Thunder
Shai Gilgeous-Alexander,G,OKC,Rebounds,Under,FanDuel,5.5,2.0,Denver Nuggets,Oklahoma City Thunder
Shai Gilgeous-Alexander,G,OKC,Rebounds,Under,DraftKings,5.5,2.0,Denver Nuggets,Oklahoma City Thunder
Shai Gilgeous-Alexander,G,OKC,Rebounds,Under,BetMGM,5.5,2.0,Denver Nuggets,Oklahoma City Thunder
Shai Gilgeous-Alexander,G,OKC,Rebounds,Under,PartyCasino,5.5,2.0,Denver Nuggets,Oklahoma City Thunder
Shai Gilgeous-Alexander,G,OKC,Rebounds,Under,bet365,5.5,2.0,Denver Nuggets,Oklahoma City Thunder
Luguentz Dort,G,OKC,Assists,Over,bet365,1.5,2.6,Denver Nuggets,Oklahoma City Thunder
Luguentz Dort,G,OKC,Assists,Under,BetMGM,1.5,1.5,Denver Nuggets,Oklahoma City Thunder
Luguentz Dort,G,OKC,Assists,Under,PartyCasino,1.5,1.5,Denver Nuggets,Oklahoma City Thunder
Luguentz Dort,G,OKC,Assists,Under,bet365,1.5,1.5,Denver Nuggets,Oklahoma City Thunder
Nikola Jokic,C,DEN,Rebounds,Over,bet365,13.5,1.8,Denver Nuggets,Oklahoma City Thunder
Nikola Jokic,C,DEN,Rebounds,Under,PointsBet,14.5,1.77,Denver Nuggets,Oklahoma City Thunder
Chet Holmgren,F,OKC,Assists,Over,bet365,1.5,1.56,Denver Nuggets,Oklahoma City Thunder
Chet Holmgren,F,OKC,Assists,Under,bet365,1.5,2.45,Denver Nuggets,Oklahoma City Thunder
Jamal Murray,G,DEN,Rebounds,Over,FanDuel,4.5,1.9,Denver Nuggets,Oklahoma City Thunder
Jamal Murray,G,DEN,Rebounds,Under,DraftKings,4.5,1.91,Denver Nuggets,Oklahoma City Thunder
Jamal Murray,G,DEN,Rebounds,Under,BetMGM,4.5,1.91,Denver Nuggets,Oklahoma City Thunder
Jamal Murray,G,DEN,Rebounds,Under,PointsBet,4.5,1.91,Denver Nuggets,Oklahoma City Thunder
Jamal Murray,G,DEN,Rebounds,Under,PartyCasino,4.5,1.91,Denver Nuggets,Oklahoma City Thunder
Jamal Murray,G,DEN,Rebounds,Under,bet365,4.5,1.91,Denver Nuggets,Oklahoma City Thunder
Michael Porter Jr.,F,DEN,Points,Over,BetMGM,16.5,1.83,Denver Nuggets,Oklahoma City Thunder
Michael Porter Jr.,F,DEN,Points,Over,PartyCasino,16.5,1.83,Denver Nuggets,Oklahoma City Thunder
Michael Porter Jr.,F,DEN,Points,Under,bet365,17.5,1.87,Denver Nuggets,Oklahoma City Thunder
Bradley Beal,G,PHO,Rebounds,Over,DraftKings,3.5,2.24,Phoenix Suns,Charlotte Hornets
Bradley Beal,G,PHO,Rebounds,Under,PointsBet,3.5,1.67,Phoenix Suns,Charlotte Hornets
Bradley Beal,G,PHO,Points,Over,DraftKings,14.5,1.8,Phoenix Suns,Charlotte Hornets
Bradley Beal,G,PHO,Points,Over,PointsBet,14.5,1.8,Phoenix Suns,Charlotte Hornets
Bradley Beal,G,PHO,Points,Under,DraftKings,14.5,1.95,Phoenix Suns,Charlotte Hornets
Bradley Beal,G,PHO,Points,Under,PointsBet,14.5,1.95,Phoenix Suns,Charlotte Hornets
Brandon Miller,F,CHA,Rebounds,Over,SugarHouse,3.5,1.89,Phoenix Suns,Charlotte Hornets
Brandon Miller,F,CHA,Rebounds,Over,BetRivers,3.5,1.89,Phoenix Suns,Charlotte Hornets
Brandon Miller,F,CHA,Rebounds,Over,UniBet,3.5,1.89,Phoenix Suns,Charlotte Hornets
Brandon Miller,F,CHA,Rebounds,Under,FanDuel,3.5,2.06,Phoenix Suns,Charlotte Hornets
Nick Richards,C,CHA,Rebounds,Over,FanDuel,9.5,1.94,Phoenix Suns,Charlotte Hornets
Nick Richards,C,CHA,Rebounds,Under,FanDuel,9.5,1.83,Phoenix Suns,Charlotte Hornets
Terry Rozier,G,CHA,Rebounds,Over,PointsBet,3.5,1.8,Phoenix Suns,Charlotte Hornets
Terry Rozier,G,CHA,Rebounds,Under,SugarHouse,3.5,2.25,Phoenix Suns,Charlotte Hornets
Terry Rozier,G,CHA,Rebounds,Under,BetRivers,3.5,2.25,Phoenix Suns,Charlotte Hornets
Terry Rozier,G,CHA,Rebounds,Under,UniBet,3.5,2.25,Phoenix Suns,Charlotte Hornets
Terry Rozier,G,CHA,Points,Over,SugarHouse,21.5,1.83,Phoenix Suns,Charlotte Hornets
Terry Rozier,G,CHA,Points,Over,BetRivers,21.5,1.83,Phoenix Suns,Charlotte Hornets
Terry Rozier,G,CHA,Points,Over,UniBet,21.5,1.83,Phoenix Suns,Charlotte Hornets
Terry Rozier,G,CHA,Points,Under,PointsBet,22.5,1.8,Phoenix Suns,Charlotte Hornets
Jusuf Nurkic,C,PHO,Points,Over,FanDuel,12.5,1.93,Phoenix Suns,Charlotte Hornets
Jusuf Nurkic,C,PHO,Points,Under,DraftKings,12.5,1.87,Phoenix Suns,Charlotte Hornets
Jusuf Nurkic,C,PHO,Points,Under,BetMGM,12.5,1.87,Phoenix Suns,Charlotte Hornets
Jusuf Nurkic,C,PHO,Points,Under,PointsBet,12.5,1.87,Phoenix Suns,Charlotte Hornets
Jusuf Nurkic,C,PHO,Points,Under,PartyCasino,12.5,1.87,Phoenix Suns,Charlotte Hornets
Jusuf Nurkic,C,PHO,Points,Under,bet365,12.5,1.87,Phoenix Suns,Charlotte Hornets
Miles Bridges,F,CHA,Assists,Over,FanDuel,3.5,2.26,Phoenix Suns,Charlotte Hornets
Miles Bridges,F,CHA,Assists,Under,SugarHouse,3.5,1.64,Phoenix Suns,Charlotte Hornets
Miles Bridges,F,CHA,Assists,Under,BetRivers,3.5,1.64,Phoenix Suns,Charlotte Hornets
Miles Bridges,F,CHA,Assists,Under,UniBet,3.5,1.64,Phoenix Suns,Charlotte Hornets
Grayson Allen,G,PHO,Points,Over,DraftKings,12.5,1.91,Phoenix Suns,Charlotte Hornets
Grayson Allen,G,PHO,Points,Over,PointsBet,12.5,1.91,Phoenix Suns,Charlotte Hornets
Grayson Allen,G,PHO,Points,Under,DraftKings,12.5,1.83,Phoenix Suns,Charlotte Hornets
Grayson Allen,G,PHO,Points,Under,PointsBet,12.5,1.83,Phoenix Suns,Charlotte Hornets
Grayson Allen,G,PHO,Rebounds,Over,PointsBet,3.5,1.67,Phoenix Suns,Charlotte Hornets
Grayson Allen,G,PHO,Rebounds,Under,DraftKings,3.5,2.24,Phoenix Suns,Charlotte Hornets
Brandon Miller,F,CHA,Assists,Over,PointsBet,2.5,1.87,Phoenix Suns,Charlotte Hornets
Brandon Miller,F,CHA,Assists,Under,DraftKings,2.5,1.95,Phoenix Suns,Charlotte Hornets
Kevin Durant,F,PHO,Assists,Over,bet365,5.5,1.69,Phoenix Suns,Charlotte Hornets
Kevin Durant,F,PHO,Assists,Under,DraftKings,5.5,2.2,Phoenix Suns,Charlotte Hornets
Kevin Durant,F,PHO,Assists,Under,PointsBet,5.5,2.2,Phoenix Suns,Charlotte Hornets
Miles Bridges,F,CHA,Points,Over,SugarHouse,19.5,1.79,Phoenix Suns,Charlotte Hornets
Miles Bridges,F,CHA,Points,Over,BetRivers,19.5,1.79,Phoenix Suns,Charlotte Hornets
Miles Bridges,F,CHA,Points,Over,UniBet,19.5,1.79,Phoenix Suns,Charlotte Hornets
Miles Bridges,F,CHA,Points,Under,FanDuel,20.5,1.9,Phoenix Suns,Charlotte Hornets
Brandon Miller,F,CHA,Points,Over,FanDuel,15.5,1.98,Phoenix Suns,Charlotte Hornets
Brandon Miller,F,CHA,Points,Under,PointsBet,15.5,1.91,Phoenix Suns,Charlotte Hornets
Kevin Durant,F,PHO,Rebounds,Over,BetMGM,6.5,1.87,Phoenix Suns,Charlotte Hornets
Kevin Durant,F,PHO,Rebounds,Over,FanDuel,6.5,1.87,Phoenix Suns,Charlotte Hornets
Kevin Durant,F,PHO,Rebounds,Over,PointsBet,6.5,1.87,Phoenix Suns,Charlotte Hornets
Kevin Durant,F,PHO,Rebounds,Over,PartyCasino,6.5,1.87,Phoenix Suns,Charlotte Hornets
Kevin Durant,F,PHO,Rebounds,Under,Caesars,6.5,2.0,Phoenix Suns,Charlotte Hornets
Bradley Beal,G,PHO,Assists,Over,Caesars,3.5,1.88,Phoenix Suns,Charlotte Hornets
Bradley Beal,G,PHO,Assists,Under,PointsBet,3.5,1.91,Phoenix Suns,Charlotte Hornets
Devin Booker,G,PHO,Rebounds,Over,FanDuel,4.5,1.78,Phoenix Suns,Charlotte Hornets
Devin Booker,G,PHO,Rebounds,Under,DraftKings,4.5,2.0,Phoenix Suns,Charlotte Hornets
Devin Booker,G,PHO,Rebounds,Under,BetMGM,4.5,2.0,Phoenix Suns,Charlotte Hornets
Devin Booker,G,PHO,Rebounds,Under,FanDuel,4.5,2.0,Phoenix Suns,Charlotte Hornets
Devin Booker,G,PHO,Rebounds,Under,PointsBet,4.5,2.0,Phoenix Suns,Charlotte Hornets
Devin Booker,G,PHO,Rebounds,Under,PartyCasino,4.5,2.0,Phoenix Suns,Charlotte Hornets
Devin Booker,G,PHO,Rebounds,Under,bet365,4.5,2.0,Phoenix Suns,Charlotte Hornets
Jusuf Nurkic,C,PHO,Assists,Over,bet365,2.5,1.71,Phoenix Suns,Charlotte Hornets
Jusuf Nurkic,C,PHO,Assists,Under,DraftKings,2.5,2.3,Phoenix Suns,Charlotte Hornets
Terry Rozier,G,CHA,Assists,Over,SugarHouse,6.5,1.77,Phoenix Suns,Charlotte Hornets
Terry Rozier,G,CHA,Assists,Over,BetRivers,6.5,1.77,Phoenix Suns,Charlotte Hornets
Terry Rozier,G,CHA,Assists,Over,UniBet,6.5,1.77,Phoenix Suns,Charlotte Hornets
Terry Rozier,G,CHA,Assists,Under,DraftKings,6.5,2.2,Phoenix Suns,Charlotte Hornets
Jusuf Nurkic,C,PHO,Rebounds,Over,bet365,10.5,1.77,Phoenix Suns,Charlotte Hornets
Jusuf Nurkic,C,PHO,Rebounds,Under,FanDuel,11.5,1.74,Phoenix Suns,Charlotte Hornets
Grayson Allen,G,PHO,Assists,Over,DraftKings,2.5,2.3,Phoenix Suns,Charlotte Hornets
Grayson Allen,G,PHO,Assists,Under,PointsBet,2.5,1.63,Phoenix Suns,Charlotte Hornets
Kevin Durant,F,PHO,Points,Over,Caesars,25.5,1.88,Phoenix Suns,Charlotte Hornets
Kevin Durant,F,PHO,Points,Under,FanDuel,26.5,1.87,Phoenix Suns,Charlotte Hornets
Devin Booker,G,PHO,Assists,Over,Caesars,7.5,2.14,Phoenix Suns,Charlotte Hornets
Devin Booker,G,PHO,Assists,Under,DraftKings,7.5,1.83,Phoenix Suns,Charlotte Hornets
Devin Booker,G,PHO,Assists,Under,BetMGM,7.5,1.83,Phoenix Suns,Charlotte Hornets
Devin Booker,G,PHO,Assists,Under,PointsBet,7.5,1.83,Phoenix Suns,Charlotte Hornets
Devin Booker,G,PHO,Assists,Under,PartyCasino,7.5,1.83,Phoenix Suns,Charlotte Hornets
Devin Booker,G,PHO,Points,Over,Caesars,25.5,1.93,Phoenix Suns,Charlotte Hornets
Devin Booker,G,PHO,Points,Under,PointsBet,26.5,1.95,Phoenix Suns,Charlotte Hornets
Nick Richards,C,CHA,Points,Over,FanDuel,9.5,1.87,Phoenix Suns,Charlotte Hornets
Nick Richards,C,CHA,Points,Under,FanDuel,9.5,1.9,Phoenix Suns,Charlotte Hornets
Miles Bridges,F,CHA,Rebounds,Over,FanDuel,6.5,2.0,Phoenix Suns,Charlotte Hornets
Miles Bridges,F,CHA,Rebounds,Over,DraftKings,6.5,2.0,Phoenix Suns,Charlotte Hornets
Miles Bridges,F,CHA,Rebounds,Under,SugarHouse,6.5,1.91,Phoenix Suns,Charlotte Hornets
Miles Bridges,F,CHA,Rebounds,Under,BetRivers,6.5,1.91,Phoenix Suns,Charlotte Hornets
Miles Bridges,F,CHA,Rebounds,Under,UniBet,6.5,1.91,Phoenix Suns,Charlotte Hornets
