PlayerName,opp,Prop,Over_Under,draftkings,fanduel,mgm
Aaron Gordon,@MIN,Assists,Over,(4.5) 140,(4.5) 120,(4.5) 115
Aaron Gordon,@MIN,Assists,Under,(4.5) -166,(4.5) -154,(4.5) -155
Aaron Gordon,@MIN,Points,Over,(11.5) -105,(11.5) -118,(11.5) -110
Aaron Gordon,@MIN,Points,Under,(11.5) -115,(11.5) -108,(11.5) -120
Aaron Gordon,@MIN,Pts+Asts,Over,(15.5) -115,(16.5) 102,(15.5) -120
Aaron Gordon,@MIN,Pts+Asts,Under,(15.5) -105,(16.5) -130,(15.5) -110
Aaron Gordon,@MIN,Pts+Rebs,Over,(16.5) -112,(17.5) 100,(16.5) -110
Aaron Gordon,@MIN,Pts+Rebs,Under,(16.5) -108,(17.5) -128,(16.5) -120
Aaron Gordon,@MIN,Pts+Rebs+Asts,Over,(20.5) -122,(21.5) -113,(20.5) -120
Aaron Gordon,@MIN,Pts+Rebs+Asts,Under,(20.5) 102,(21.5) -113,(20.5) -110
Aaron Gordon,@MIN,Rebounds,Over,(4.5) -162,(5.5) 110,(4.5) -165
Aaron Gordon,@MIN,Rebounds,Under,(4.5) 136,(5.5) -140,(4.5) 125
Aaron Gordon,@MIN,Rebs+Asts,Over,(9.5) -102,(9.5) -113,(9.5) 100
Aaron Gordon,@MIN,Rebs+Asts,Under,(9.5) -118,(9.5) -113,(9.5) -135
Aaron Nesmith,NYK,Assists,Over,,,(1.5) -110
Aaron Nesmith,NYK,Assists,Under,,,(1.5) -120
Aaron Nesmith,NYK,Points,Over,(10.5) -110,(10.5) -110,(10.5) -115
Aaron Nesmith,NYK,Points,Under,(10.5) -110,(10.5) -110,(10.5) -115
Aaron Nesmith,NYK,Pts+Asts,Over,(12.5) 105,,
Aaron Nesmith,NYK,Pts+Asts,Under,(12.5) -125,,
Aaron Nesmith,NYK,Pts+Rebs,Over,(14.5) -122,(15.5) -104,(14.5) -130
Aaron Nesmith,NYK,Pts+Rebs,Under,(14.5) 102,(15.5) -122,(14.5) -105
Aaron Nesmith,NYK,Pts+Rebs+Asts,Over,(16.5) -118,,(16.5) -120
Aaron Nesmith,NYK,Pts+Rebs+Asts,Under,(16.5) -102,,(16.5) -110
Aaron Nesmith,NYK,Rebounds,Over,(4.5) 100,(4.5) 110,(4.5) -110
Aaron Nesmith,NYK,Rebounds,Under,(4.5) -120,(4.5) -134,(4.5) -120
Aaron Nesmith,NYK,Rebs+Asts,Over,,,(6.5) 105
Aaron Nesmith,NYK,Rebs+Asts,Under,,,(6.5) -145
Alec Burks,@IND,Assists,Over,,,(1.5) 170
Alec Burks,@IND,Assists,Under,,,(1.5) -225
Alec Burks,@IND,Points,Over,(8.5) 100,,(8.5) -105
Alec Burks,@IND,Points,Under,(8.5) -120,,(8.5) -125
Alec Burks,@IND,Pts+Asts,Over,,,
Alec Burks,@IND,Pts+Asts,Under,,,
Alec Burks,@IND,Pts+Rebs,Over,(11.5) 100,,(11.5) -105
Alec Burks,@IND,Pts+Rebs,Under,(11.5) -120,,(11.5) -125
Alec Burks,@IND,Pts+Rebs+Asts,Over,,,(12.5) -115
Alec Burks,@IND,Pts+Rebs+Asts,Under,,,(12.5) -115
Alec Burks,@IND,Rebounds,Over,(2.5) -118,,(2.5) -125
Alec Burks,@IND,Rebounds,Under,(2.5) -102,,(2.5) -110
Alec Burks,@IND,Rebs+Asts,Over,,,(3.5) -140
Alec Burks,@IND,Rebs+Asts,Under,,,(3.5) 105
Andrew Nembhard,NYK,Assists,Over,(4.5) 130,(3.5) -164,(4.5) 120
Andrew Nembhard,NYK,Assists,Under,(4.5) -155,(3.5) 134,(4.5) -160
Andrew Nembhard,NYK,Points,Over,(9.5) -108,(9.5) 102,(9.5) -110
Andrew Nembhard,NYK,Points,Under,(9.5) -112,(9.5) -124,(9.5) -120
Andrew Nembhard,NYK,Pts+Asts,Over,(13.5) -115,(13.5) -106,
Andrew Nembhard,NYK,Pts+Asts,Under,(13.5) -105,(13.5) -120,
Andrew Nembhard,NYK,Pts+Rebs,Over,(12.5) 100,,(12.5) 100
Andrew Nembhard,NYK,Pts+Rebs,Under,(12.5) -120,,(12.5) -135
Andrew Nembhard,NYK,Pts+Rebs+Asts,Over,(16.5) -108,,(16.5) -110
Andrew Nembhard,NYK,Pts+Rebs+Asts,Under,(16.5) -112,,(16.5) -120
Andrew Nembhard,NYK,Rebounds,Over,(2.5) -105,,(2.5) -110
Andrew Nembhard,NYK,Rebounds,Under,(2.5) -115,,(2.5) -120
Andrew Nembhard,NYK,Rebs+Asts,Over,,,(6.5) -130
Andrew Nembhard,NYK,Rebs+Asts,Under,,,(6.5) 100
Anthony Edwards,DEN,Assists,Over,(5.5) -112,(5.5) -122,(5.5) -120
Anthony Edwards,DEN,Assists,Under,(5.5) -108,(5.5) -104,(5.5) -110
Anthony Edwards,DEN,Points,Over,(27.5) -130,(28.5) -115,(27.5) -130
Anthony Edwards,DEN,Points,Under,(27.5) 110,(28.5) -111,(27.5) 100
Anthony Edwards,DEN,Pts+Asts,Over,(33.5) -118,(34.5) -111,(33.5) -115
Anthony Edwards,DEN,Pts+Asts,Under,(33.5) -102,(34.5) -115,(33.5) -115
Anthony Edwards,DEN,Pts+Rebs,Over,(33.5) -112,(34.5) -115,(33.5) -120
Anthony Edwards,DEN,Pts+Rebs,Under,(33.5) -108,(34.5) -111,(33.5) -110
Anthony Edwards,DEN,Pts+Rebs+Asts,Over,(39.5) -110,(40.5) -111,(39.5) -110
Anthony Edwards,DEN,Pts+Rebs+Asts,Under,(39.5) -110,(40.5) -115,(39.5) -120
Anthony Edwards,DEN,Rebounds,Over,(5.5) -125,(5.5) -128,(5.5) -135
Anthony Edwards,DEN,Rebounds,Under,(5.5) 105,(5.5) 100,(5.5) 100
Anthony Edwards,DEN,Rebs+Asts,Over,(11.5) -105,(11.5) -115,(11.5) -110
Anthony Edwards,DEN,Rebs+Asts,Under,(11.5) -115,(11.5) -111,(11.5) -120
Ben Sheppard,NYK,Assists,Over,,,(0.5) -175
Ben Sheppard,NYK,Assists,Under,,,(0.5) 130
Ben Sheppard,NYK,Points,Over,,(4.5) -105,(4.5) -110
Ben Sheppard,NYK,Points,Under,,(4.5) -115,(4.5) -125
Ben Sheppard,NYK,Pts+Asts,Over,,,
Ben Sheppard,NYK,Pts+Asts,Under,,,
Ben Sheppard,NYK,Pts+Rebs,Over,,,(6.5) -105
Ben Sheppard,NYK,Pts+Rebs,Under,,,(6.5) -125
Ben Sheppard,NYK,Pts+Rebs+Asts,Over,,,(7.5) -105
Ben Sheppard,NYK,Pts+Rebs+Asts,Under,,,(7.5) -125
Ben Sheppard,NYK,Rebounds,Over,,,(1.5) -165
Ben Sheppard,NYK,Rebounds,Under,,,(1.5) 125
Ben Sheppard,NYK,Rebs+Asts,Over,,,(2.5) -150
Ben Sheppard,NYK,Rebs+Asts,Under,,,(2.5) 115
Christian Braun,@MIN,Assists,Over,,,(0.5) 100
Christian Braun,@MIN,Assists,Under,,,(0.5) -130
Christian Braun,@MIN,Points,Over,,(3.5) -125,(3.5) -120
Christian Braun,@MIN,Points,Under,,(3.5) -102,(3.5) -110
Christian Braun,@MIN,Pts+Asts,Over,,,
Christian Braun,@MIN,Pts+Asts,Under,,,
Christian Braun,@MIN,Pts+Rebs,Over,,,(5.5) -120
Christian Braun,@MIN,Pts+Rebs,Under,,,(5.5) -110
Christian Braun,@MIN,Pts+Rebs+Asts,Over,,,(6.5) 100
Christian Braun,@MIN,Pts+Rebs+Asts,Under,,,(6.5) -135
Christian Braun,@MIN,Rebounds,Over,,,(1.5) -160
Christian Braun,@MIN,Rebounds,Under,,,(1.5) 120
Christian Braun,@MIN,Rebs+Asts,Over,,,(2.5) -110
Christian Braun,@MIN,Rebs+Asts,Under,,,(2.5) -120
Donte DiVincenzo,@IND,Assists,Over,(2.5) -130,(2.5) -140,(2.5) -145
Donte DiVincenzo,@IND,Assists,Under,(2.5) 110,(2.5) 114,(2.5) 105
Donte DiVincenzo,@IND,Points,Over,(23.5) -105,(23.5) -105,(23.5) -110
Donte DiVincenzo,@IND,Points,Under,(23.5) -115,(23.5) -115,(23.5) -120
Donte DiVincenzo,@IND,Pts+Asts,Over,(26.5) -105,(26.5) -106,
Donte DiVincenzo,@IND,Pts+Asts,Under,(26.5) -115,(26.5) -120,
Donte DiVincenzo,@IND,Pts+Rebs,Over,(27.5) -120,(28.5) -102,(27.5) -125
Donte DiVincenzo,@IND,Pts+Rebs,Under,(27.5) 100,(28.5) -125,(27.5) -105
Donte DiVincenzo,@IND,Pts+Rebs+Asts,Over,(30.5) -110,(30.5) -125,(30.5) -125
Donte DiVincenzo,@IND,Pts+Rebs+Asts,Under,(30.5) -110,(30.5) -102,(30.5) -105
Donte DiVincenzo,@IND,Rebounds,Over,(4.5) 100,(4.5) -108,(4.5) -105
Donte DiVincenzo,@IND,Rebounds,Under,(4.5) -120,(4.5) -112,(4.5) -125
Donte DiVincenzo,@IND,Rebs+Asts,Over,(7.5) 105,(7.5) -108,(7.5) 100
Donte DiVincenzo,@IND,Rebs+Asts,Under,(7.5) -125,(7.5) -118,(7.5) -135
Isaiah Hartenstein,@IND,Assists,Over,(4.5) 130,(3.5) -160,(4.5) 135
Isaiah Hartenstein,@IND,Assists,Under,(4.5) -155,(3.5) 130,(4.5) -185
Isaiah Hartenstein,@IND,Points,Over,(10.5) 110,(9.5) -130,(10.5) 105
Isaiah Hartenstein,@IND,Points,Under,(10.5) -130,(9.5) 106,(10.5) -140
Isaiah Hartenstein,@IND,Pts+Asts,Over,(14.5) -112,(14.5) 102,
Isaiah Hartenstein,@IND,Pts+Asts,Under,(14.5) -108,(14.5) -130,
Isaiah Hartenstein,@IND,Pts+Rebs,Over,(20.5) -105,(20.5) -113,(20.5) -110
Isaiah Hartenstein,@IND,Pts+Rebs,Under,(20.5) -115,(20.5) -113,(20.5) -120
Isaiah Hartenstein,@IND,Pts+Rebs+Asts,Over,(24.5) -112,(24.5) -118,(24.5) -125
Isaiah Hartenstein,@IND,Pts+Rebs+Asts,Under,(24.5) -108,(24.5) -108,(24.5) -105
Isaiah Hartenstein,@IND,Rebounds,Over,(10.5) 110,(10.5) 106,(10.5) 110
Isaiah Hartenstein,@IND,Rebounds,Under,(10.5) -130,(10.5) -130,(10.5) -145
Isaiah Hartenstein,@IND,Rebs+Asts,Over,(14.5) -112,(14.5) -108,(14.5) -115
Isaiah Hartenstein,@IND,Rebs+Asts,Under,(14.5) -108,(14.5) -118,(14.5) -115
Isaiah Jackson,NYK,Assists,Over,,,(0.5) -110
Isaiah Jackson,NYK,Assists,Under,,,(0.5) -120
Isaiah Jackson,NYK,Points,Over,,,(4.5) -105
Isaiah Jackson,NYK,Points,Under,,,(4.5) -130
Isaiah Jackson,NYK,Pts+Asts,Over,,,(5.5) -105
Isaiah Jackson,NYK,Pts+Asts,Under,,,(5.5) -130
Isaiah Jackson,NYK,Pts+Rebs,Over,,,(8.5) -110
Isaiah Jackson,NYK,Pts+Rebs,Under,,,(8.5) -120
Isaiah Jackson,NYK,Pts+Rebs+Asts,Over,,,(9.5) 100
Isaiah Jackson,NYK,Pts+Rebs+Asts,Under,,,(9.5) -135
Isaiah Jackson,NYK,Rebounds,Over,(3.5) -112,(3.5) -106,(3.5) -130
Isaiah Jackson,NYK,Rebounds,Under,(3.5) -108,(3.5) -114,(3.5) -105
Isaiah Jackson,NYK,Rebs+Asts,Over,,,(4.5) -110
Isaiah Jackson,NYK,Rebs+Asts,Under,,,(4.5) -120
Jaden McDaniels,DEN,Assists,Over,,,(1.5) 140
Jaden McDaniels,DEN,Assists,Under,,,(1.5) -190
Jaden McDaniels,DEN,Points,Over,(8.5) -142,(8.5) -130,(8.5) -135
Jaden McDaniels,DEN,Points,Under,(8.5) 120,(8.5) 102,(8.5) 100
Jaden McDaniels,DEN,Pts+Asts,Over,(10.5) -102,,
Jaden McDaniels,DEN,Pts+Asts,Under,(10.5) -118,,
Jaden McDaniels,DEN,Pts+Rebs,Over,(12.5) -105,(12.5) -108,(12.5) -110
Jaden McDaniels,DEN,Pts+Rebs,Under,(12.5) -115,(12.5) -118,(12.5) -120
Jaden McDaniels,DEN,Pts+Rebs+Asts,Over,,,(13.5) -125
Jaden McDaniels,DEN,Pts+Rebs+Asts,Under,,,(13.5) -105
Jaden McDaniels,DEN,Rebounds,Over,(3.5) 120,(3.5) 118,(3.5) 115
Jaden McDaniels,DEN,Rebounds,Under,(3.5) -142,(3.5) -150,(3.5) -150
Jaden McDaniels,DEN,Rebs+Asts,Over,,,(4.5) -115
Jaden McDaniels,DEN,Rebs+Asts,Under,,,(4.5) -115
Jalen Brunson,@IND,Assists,Over,(6.5) 102,(6.5) -118,(6.5) -105
Jalen Brunson,@IND,Assists,Under,(6.5) -122,(6.5) -104,(6.5) -130
Jalen Brunson,@IND,Points,Over,(32.5) -115,(33.5) 100,(32.5) -120
Jalen Brunson,@IND,Points,Under,(32.5) -105,(33.5) -122,(32.5) -115
Jalen Brunson,@IND,Pts+Asts,Over,(38.5) -135,(39.5) -125,
Jalen Brunson,@IND,Pts+Asts,Under,(38.5) 114,(39.5) -102,
Jalen Brunson,@IND,Pts+Rebs,Over,(36.5) -102,(36.5) -120,(36.5) -110
Jalen Brunson,@IND,Pts+Rebs,Under,(36.5) -118,(36.5) -106,(36.5) -120
Jalen Brunson,@IND,Pts+Rebs+Asts,Over,(42.5) -115,(43.5) -113,(42.5) -115
Jalen Brunson,@IND,Pts+Rebs+Asts,Under,(42.5) -105,(43.5) -113,(42.5) -115
Jalen Brunson,@IND,Rebounds,Over,(3.5) -105,(3.5) 110,(3.5) -110
Jalen Brunson,@IND,Rebounds,Under,(3.5) -115,(3.5) -134,(3.5) -120
Jalen Brunson,@IND,Rebs+Asts,Over,(9.5) -135,(10.5) 106,(9.5) -145
Jalen Brunson,@IND,Rebs+Asts,Under,(9.5) 114,(10.5) -136,(9.5) 105
Jamal Murray,@MIN,Assists,Over,(5.5) -110,(5.5) -128,(5.5) -120
Jamal Murray,@MIN,Assists,Under,(5.5) -110,(5.5) 100,(5.5) -115
Jamal Murray,@MIN,Points,Over,(21.5) -122,(21.5) -122,(21.5) -120
Jamal Murray,@MIN,Points,Under,(21.5) 102,(21.5) -104,(21.5) -110
Jamal Murray,@MIN,Pts+Asts,Over,(27.5) -108,(27.5) -120,(27.5) -110
Jamal Murray,@MIN,Pts+Asts,Under,(27.5) -112,(27.5) -106,(27.5) -120
Jamal Murray,@MIN,Pts+Rebs,Over,(25.5) -120,(26.5) -106,(25.5) -125
Jamal Murray,@MIN,Pts+Rebs,Under,(25.5) 100,(26.5) -120,(25.5) -105
Jamal Murray,@MIN,Pts+Rebs+Asts,Over,(31.5) -112,(32.5) -104,(31.5) -115
Jamal Murray,@MIN,Pts+Rebs+Asts,Under,(31.5) -108,(32.5) -122,(31.5) -115
Jamal Murray,@MIN,Rebounds,Over,(3.5) -162,(4.5) 124,(3.5) -175
Jamal Murray,@MIN,Rebounds,Under,(3.5) 136,(4.5) -158,(3.5) 130
Jamal Murray,@MIN,Rebs+Asts,Over,(9.5) -110,(9.5) -138,(9.5) -115
Jamal Murray,@MIN,Rebs+Asts,Under,(9.5) -110,(9.5) 108,(9.5) -115
Josh Hart,@IND,Assists,Over,(5.5) 120,(5.5) 126,(5.5) 105
Josh Hart,@IND,Assists,Under,(5.5) -142,(5.5) -154,(5.5) -140
Josh Hart,@IND,Points,Over,(15.5) 105,(15.5) -105,(15.5) 100
Josh Hart,@IND,Points,Under,(15.5) -125,(15.5) -115,(15.5) -135
Josh Hart,@IND,Pts+Asts,Over,(20.5) -110,(20.5) -120,
Josh Hart,@IND,Pts+Asts,Under,(20.5) -110,(20.5) -106,
Josh Hart,@IND,Pts+Rebs,Over,(28.5) -110,(28.5) -120,(28.5) -115
Josh Hart,@IND,Pts+Rebs,Under,(28.5) -110,(28.5) -106,(28.5) -120
Josh Hart,@IND,Pts+Rebs+Asts,Over,(33.5) -120,(34.5) -106,(33.5) -125
Josh Hart,@IND,Pts+Rebs+Asts,Under,(33.5) 100,(34.5) -120,(33.5) -105
Josh Hart,@IND,Rebounds,Over,(13.5) 105,(13.5) 102,(13.5) 100
Josh Hart,@IND,Rebounds,Under,(13.5) -125,(13.5) -124,(13.5) -135
Josh Hart,@IND,Rebs+Asts,Over,(18.5) -125,(18.5) -113,(18.5) -120
Josh Hart,@IND,Rebs+Asts,Under,(18.5) 105,(18.5) -113,(18.5) -110
Justin Holiday,@MIN,Assists,Over,,,(0.5) -135
Justin Holiday,@MIN,Assists,Under,,,(0.5) 100
Justin Holiday,@MIN,Points,Over,,(3.5) -113,(3.5) -110
Justin Holiday,@MIN,Points,Under,,(3.5) -113,(3.5) -120
Justin Holiday,@MIN,Pts+Asts,Over,,,(4.5) -120
Justin Holiday,@MIN,Pts+Asts,Under,,,(4.5) -110
Justin Holiday,@MIN,Pts+Rebs,Over,,,(5.5) -105
Justin Holiday,@MIN,Pts+Rebs,Under,,,(5.5) -125
Justin Holiday,@MIN,Pts+Rebs+Asts,Over,,,(6.5) 105
Justin Holiday,@MIN,Pts+Rebs+Asts,Under,,,(6.5) -140
Justin Holiday,@MIN,Rebounds,Over,,,(1.5) 125
Justin Holiday,@MIN,Rebounds,Under,,,(1.5) -165
Justin Holiday,@MIN,Rebs+Asts,Over,,,(1.5) -190
Justin Holiday,@MIN,Rebs+Asts,Under,,,(1.5) 140
Karl-Anthony Towns,DEN,Assists,Over,(2.5) -142,(2.5) -154,(2.5) -165
Karl-Anthony Towns,DEN,Assists,Under,(2.5) 120,(2.5) 120,(2.5) 125
Karl-Anthony Towns,DEN,Points,Over,(19.5) -108,(19.5) -108,(19.5) -110
Karl-Anthony Towns,DEN,Points,Under,(19.5) -112,(19.5) -118,(19.5) -120
Karl-Anthony Towns,DEN,Pts+Asts,Over,(22.5) -110,(22.5) -111,
Karl-Anthony Towns,DEN,Pts+Asts,Under,(22.5) -110,(22.5) -115,
Karl-Anthony Towns,DEN,Pts+Rebs,Over,(26.5) -112,(26.5) -120,(26.5) -120
Karl-Anthony Towns,DEN,Pts+Rebs,Under,(26.5) -108,(26.5) -106,(26.5) -115
Karl-Anthony Towns,DEN,Pts+Rebs+Asts,Over,(29.5) -115,(29.5) -108,(29.5) -120
Karl-Anthony Towns,DEN,Pts+Rebs+Asts,Under,(29.5) -105,(29.5) -118,(29.5) -110
Karl-Anthony Towns,DEN,Rebounds,Over,(6.5) -135,(7.5) 112,(6.5) -145
Karl-Anthony Towns,DEN,Rebounds,Under,(6.5) 114,(7.5) -142,(6.5) 110
Karl-Anthony Towns,DEN,Rebs+Asts,Over,(10.5) 114,(9.5) -138,(10.5) 110
Karl-Anthony Towns,DEN,Rebs+Asts,Under,(10.5) -135,(9.5) 108,(10.5) -145
Kentavious Caldwell-Pope,@MIN,Assists,Over,(2.5) 145,,(2.5) 140
Kentavious Caldwell-Pope,@MIN,Assists,Under,(2.5) -175,,(2.5) -190
Kentavious Caldwell-Pope,@MIN,Points,Over,(7.5) -122,(7.5) -132,(7.5) -120
Kentavious Caldwell-Pope,@MIN,Points,Under,(7.5) 102,(7.5) 104,(7.5) -110
Kentavious Caldwell-Pope,@MIN,Pts+Asts,Over,,,(9.5) -135
Kentavious Caldwell-Pope,@MIN,Pts+Asts,Under,,,(9.5) 100
Kentavious Caldwell-Pope,@MIN,Pts+Rebs,Over,(10.5) 105,,(10.5) 100
Kentavious Caldwell-Pope,@MIN,Pts+Rebs,Under,(10.5) -125,,(10.5) -130
Kentavious Caldwell-Pope,@MIN,Pts+Rebs+Asts,Over,,,(12.5) -110
Kentavious Caldwell-Pope,@MIN,Pts+Rebs+Asts,Under,,,(12.5) -120
Kentavious Caldwell-Pope,@MIN,Rebounds,Over,(2.5) 120,,(2.5) 110
Kentavious Caldwell-Pope,@MIN,Rebounds,Under,(2.5) -142,,(2.5) -150
Kentavious Caldwell-Pope,@MIN,Rebs+Asts,Over,,,(4.5) -110
Kentavious Caldwell-Pope,@MIN,Rebs+Asts,Under,,,(4.5) -120
Michael Porter,@MIN,Assists,Over,,,(1.5) 140
Michael Porter,@MIN,Assists,Under,,,(1.5) -190
Michael Porter,@MIN,Points,Over,(16.5) -118,(16.5) -120,
Michael Porter,@MIN,Points,Under,(16.5) -102,(16.5) -106,
Michael Porter,@MIN,Pts+Asts,Over,(17.5) -122,,(17.5) -130
Michael Porter,@MIN,Pts+Asts,Under,(17.5) 102,,(17.5) -105
Michael Porter,@MIN,Pts+Rebs,Over,(22.5) -108,(23.5) 100,(22.5) -110
Michael Porter,@MIN,Pts+Rebs,Under,(22.5) -112,(23.5) -128,(22.5) -120
Michael Porter,@MIN,Pts+Rebs+Asts,Over,(23.5) -122,,(23.5) -125
Michael Porter,@MIN,Pts+Rebs+Asts,Under,(23.5) 102,,(23.5) -110
Michael Porter,@MIN,Rebounds,Over,(5.5) -125,(6.5) 112,(5.5) -140
Michael Porter,@MIN,Rebounds,Under,(5.5) 105,(6.5) -142,(5.5) 105
Michael Porter,@MIN,Rebs+Asts,Over,,,(6.5) -155
Michael Porter,@MIN,Rebs+Asts,Under,,,(6.5) 115
Mike Conley,DEN,Assists,Over,(6.5) 130,(6.5) 120,(6.5) 110
Mike Conley,DEN,Assists,Under,(6.5) -155,(6.5) -154,(6.5) -150
Mike Conley,DEN,Points,Over,(10.5) -118,(10.5) -111,(16.5) -120
Mike Conley,DEN,Points,Under,(10.5) -102,(10.5) -115,(16.5) -105
Mike Conley,DEN,Pts+Asts,Over,(17.5) 110,(16.5) -118,
Mike Conley,DEN,Pts+Asts,Under,(17.5) -130,(16.5) -108,
Mike Conley,DEN,Pts+Rebs,Over,(14.5) 100,(13.5) -125,(14.5) -105
Mike Conley,DEN,Pts+Rebs,Under,(14.5) -120,(13.5) -102,(14.5) -130
Mike Conley,DEN,Pts+Rebs+Asts,Over,(20.5) -110,(20.5) -102,(20.5) -115
Mike Conley,DEN,Pts+Rebs+Asts,Under,(20.5) -110,(20.5) -128,(20.5) -115
Mike Conley,DEN,Rebounds,Over,(3.5) 114,(3.5) 116,(3.5) 110
Mike Conley,DEN,Rebounds,Under,(3.5) -135,(3.5) -148,(3.5) -145
Mike Conley,DEN,Rebs+Asts,Over,(9.5) -108,(9.5) -111,(9.5) -115
Mike Conley,DEN,Rebs+Asts,Under,(9.5) -112,(9.5) -115,(9.5) -120
Miles McBride,@IND,Assists,Over,,,(1.5) -105
Miles McBride,@IND,Assists,Under,,,(1.5) -125
Miles McBride,@IND,Points,Over,(8.5) -125,(8.5) -115,(8.5) -130
Miles McBride,@IND,Points,Under,(8.5) 105,(8.5) -105,(8.5) -105
Miles McBride,@IND,Pts+Asts,Over,(10.5) -110,,(10.5) -120
Miles McBride,@IND,Pts+Asts,Under,(10.5) -110,,(10.5) -115
Miles McBride,@IND,Pts+Rebs,Over,(10.5) -125,,(10.5) -135
Miles McBride,@IND,Pts+Rebs,Under,(10.5) 105,,(10.5) 100
Miles McBride,@IND,Pts+Rebs+Asts,Over,,,(12.5) -120
Miles McBride,@IND,Pts+Rebs+Asts,Under,,,(12.5) -115
Miles McBride,@IND,Rebounds,Over,,,(1.5) -165
Miles McBride,@IND,Rebounds,Under,,,(1.5) 125
Miles McBride,@IND,Rebs+Asts,Over,,,(3.5) -110
Miles McBride,@IND,Rebs+Asts,Under,,,(3.5) -120
Myles Turner,NYK,Assists,Over,,,(1.5) 100
Myles Turner,NYK,Assists,Under,,,(1.5) -135
Myles Turner,NYK,Points,Over,(17.5) -110,(17.5) -110,(17.5) -120
Myles Turner,NYK,Points,Under,(17.5) -110,(17.5) -110,(17.5) -110
Myles Turner,NYK,Pts+Asts,Over,(19.5) -102,,
Myles Turner,NYK,Pts+Asts,Under,(19.5) -118,,
Myles Turner,NYK,Pts+Rebs,Over,(25.5) -115,(25.5) -118,(25.5) -125
Myles Turner,NYK,Pts+Rebs,Under,(25.5) -105,(25.5) -108,(25.5) -105
Myles Turner,NYK,Pts+Rebs+Asts,Over,(27.5) -102,,(27.5) -115
Myles Turner,NYK,Pts+Rebs+Asts,Under,(27.5) -118,,(27.5) -115
Myles Turner,NYK,Rebounds,Over,(8.5) 120,(7.5) -132,(8.5) 115
Myles Turner,NYK,Rebounds,Under,(8.5) -142,(7.5) 108,(8.5) -150
Myles Turner,NYK,Rebs+Asts,Over,(9.5) -115,,(9.5) -120
Myles Turner,NYK,Rebs+Asts,Under,(9.5) -105,,(9.5) -110
Naz Reid,DEN,Assists,Over,,,(1.5) 155
Naz Reid,DEN,Assists,Under,,,(1.5) -210
Naz Reid,DEN,Points,Over,(10.5) 100,(10.5) -102,(10.5) -110
Naz Reid,DEN,Points,Under,(10.5) -120,(10.5) -125,(10.5) -120
Naz Reid,DEN,Pts+Asts,Over,(11.5) -115,,
Naz Reid,DEN,Pts+Asts,Under,(11.5) -105,,
Naz Reid,DEN,Pts+Rebs,Over,(14.5) 100,(13.5) -128,(14.5) -105
Naz Reid,DEN,Pts+Rebs,Under,(14.5) -120,(13.5) 100,(14.5) -125
Naz Reid,DEN,Pts+Rebs+Asts,Over,,,(15.5) -115
Naz Reid,DEN,Pts+Rebs+Asts,Under,,,(15.5) -120
Naz Reid,DEN,Rebounds,Over,(3.5) -118,(3.5) -108,(3.5) -125
Naz Reid,DEN,Rebounds,Under,(3.5) -102,(3.5) -115,(3.5) -105
Naz Reid,DEN,Rebs+Asts,Over,,,(4.5) -145
Naz Reid,DEN,Rebs+Asts,Under,,,(4.5) 110
Nickeil Alexander-Walker,DEN,Assists,Over,,,(1.5) -155
Nickeil Alexander-Walker,DEN,Assists,Under,,,(1.5) 115
Nickeil Alexander-Walker,DEN,Points,Over,(6.5) -112,(6.5) -122,(6.5) -120
Nickeil Alexander-Walker,DEN,Points,Under,(6.5) -108,(6.5) -104,(6.5) -115
Nickeil Alexander-Walker,DEN,Pts+Asts,Over,,,
Nickeil Alexander-Walker,DEN,Pts+Asts,Under,,,
Nickeil Alexander-Walker,DEN,Pts+Rebs,Over,,,(8.5) -120
Nickeil Alexander-Walker,DEN,Pts+Rebs,Under,,,(8.5) -115
Nickeil Alexander-Walker,DEN,Pts+Rebs+Asts,Over,,,(10.5) -120
Nickeil Alexander-Walker,DEN,Pts+Rebs+Asts,Under,,,(10.5) -110
Nickeil Alexander-Walker,DEN,Rebounds,Over,,,(1.5) -150
Nickeil Alexander-Walker,DEN,Rebounds,Under,,,(1.5) 110
Nickeil Alexander-Walker,DEN,Rebs+Asts,Over,,,(3.5) -135
Nickeil Alexander-Walker,DEN,Rebs+Asts,Under,,,(3.5) 100
Nikola Jokic,@MIN,Assists,Over,(8.5) 100,(8.5) 100,(8.5) -105
Nikola Jokic,@MIN,Assists,Under,(8.5) -120,(8.5) -128,(8.5) -125
Nikola Jokic,@MIN,Points,Over,(27.5) -130,(27.5) -122,(27.5) -125
Nikola Jokic,@MIN,Points,Under,(27.5) 110,(27.5) -104,(27.5) -105
Nikola Jokic,@MIN,Pts+Asts,Over,(36.5) -108,(36.5) -108,(36.5) -110
Nikola Jokic,@MIN,Pts+Asts,Under,(36.5) -112,(36.5) -118,(36.5) -120
Nikola Jokic,@MIN,Pts+Rebs,Over,(41.5) -102,(41.5) -106,(41.5) -110
Nikola Jokic,@MIN,Pts+Rebs,Under,(41.5) -118,(41.5) -120,(41.5) -125
Nikola Jokic,@MIN,Pts+Rebs+Asts,Over,(49.5) -115,(49.5) -118,(49.5) -120
Nikola Jokic,@MIN,Pts+Rebs+Asts,Under,(49.5) -105,(49.5) -108,(49.5) -110
Nikola Jokic,@MIN,Rebounds,Over,(13.5) 110,(13.5) 100,(13.5) 105
Nikola Jokic,@MIN,Rebounds,Under,(13.5) -130,(13.5) -128,(13.5) -140
Nikola Jokic,@MIN,Rebs+Asts,Over,(21.5) -110,(21.5) -122,(21.5) -115
Nikola Jokic,@MIN,Rebs+Asts,Under,(21.5) -110,(21.5) -104,(21.5) -115
Obi Toppin,NYK,Assists,Over,,,(1.5) 140
Obi Toppin,NYK,Assists,Under,,,(1.5) -190
Obi Toppin,NYK,Points,Over,(8.5) -105,(8.5) -106,(8.5) -105
Obi Toppin,NYK,Points,Under,(8.5) -115,(8.5) -114,(8.5) -125
Obi Toppin,NYK,Pts+Asts,Over,,,
Obi Toppin,NYK,Pts+Asts,Under,,,
Obi Toppin,NYK,Pts+Rebs,Over,(12.5) -110,(12.5) -118,(12.5) -110
Obi Toppin,NYK,Pts+Rebs,Under,(12.5) -110,(12.5) -108,(12.5) -120
Obi Toppin,NYK,Pts+Rebs+Asts,Over,,,(13.5) -120
Obi Toppin,NYK,Pts+Rebs+Asts,Under,,,(13.5) -110
Obi Toppin,NYK,Rebounds,Over,(3.5) -135,(3.5) -142,(3.5) -160
Obi Toppin,NYK,Rebounds,Under,(3.5) 114,(3.5) 116,(3.5) 120
Obi Toppin,NYK,Rebs+Asts,Over,,,(5.5) -105
Obi Toppin,NYK,Rebs+Asts,Under,,,(5.5) -125
Pascal Siakam,NYK,Assists,Over,(3.5) 105,(3.5) -102,(3.5) -105
Pascal Siakam,NYK,Assists,Under,(3.5) -125,(3.5) -120,(3.5) -130
Pascal Siakam,NYK,Points,Over,(21.5) -122,(22.5) -105,(21.5) -145
Pascal Siakam,NYK,Points,Under,(21.5) 102,(22.5) -115,(21.5) 105
Pascal Siakam,NYK,Pts+Asts,Over,(25.5) -105,(25.5) -120,
Pascal Siakam,NYK,Pts+Asts,Under,(25.5) -115,(25.5) -104,
Pascal Siakam,NYK,Pts+Rebs,Over,(29.5) -120,(30.5) -111,(29.5) -120
Pascal Siakam,NYK,Pts+Rebs,Under,(29.5) 100,(30.5) -115,(29.5) -115
Pascal Siakam,NYK,Pts+Rebs+Asts,Over,(33.5) -105,(33.5) -122,(33.5) -110
Pascal Siakam,NYK,Pts+Rebs+Asts,Under,(33.5) -115,(33.5) -104,(33.5) -120
Pascal Siakam,NYK,Rebounds,Over,(7.5) -135,(7.5) -132,(7.5) -145
Pascal Siakam,NYK,Rebounds,Under,(7.5) 114,(7.5) 108,(7.5) 110
Pascal Siakam,NYK,Rebs+Asts,Over,(11.5) -105,(11.5) -111,(11.5) -115
Pascal Siakam,NYK,Rebs+Asts,Under,(11.5) -115,(11.5) -115,(11.5) -115
Precious Achiuwa,@IND,Assists,Over,,,(0.5) -185
Precious Achiuwa,@IND,Assists,Under,,,(0.5) 135
Precious Achiuwa,@IND,Points,Over,(6.5) 105,(6.5) 100,(6.5) 100
Precious Achiuwa,@IND,Points,Under,(6.5) -125,(6.5) -122,(6.5) -135
Precious Achiuwa,@IND,Pts+Asts,Over,,,
Precious Achiuwa,@IND,Pts+Asts,Under,,,
Precious Achiuwa,@IND,Pts+Rebs,Over,(12.5) -112,(12.5) -128,(12.5) -120
Precious Achiuwa,@IND,Pts+Rebs,Under,(12.5) -108,(12.5) 100,(12.5) -110
Precious Achiuwa,@IND,Pts+Rebs+Asts,Over,,,(13.5) -120
Precious Achiuwa,@IND,Pts+Rebs+Asts,Under,,,(13.5) -110
Precious Achiuwa,@IND,Rebounds,Over,(6.5) 130,(6.5) 106,(6.5) 105
Precious Achiuwa,@IND,Rebounds,Under,(6.5) -155,(6.5) -130,(6.5) -145
Precious Achiuwa,@IND,Rebs+Asts,Over,(7.5) 110,,(7.5) 105
Precious Achiuwa,@IND,Rebs+Asts,Under,(7.5) -130,,(7.5) -140
Rudy Gobert,DEN,Assists,Over,,,(1.5) -105
Rudy Gobert,DEN,Assists,Under,,,(1.5) -125
Rudy Gobert,DEN,Points,Over,(11.5) -102,(11.5) -104,(11.5) -115
Rudy Gobert,DEN,Points,Under,(11.5) -118,(11.5) -122,(11.5) -120
Rudy Gobert,DEN,Pts+Asts,Over,(13.5) 105,,(13.5) 100
Rudy Gobert,DEN,Pts+Asts,Under,(13.5) -125,,(13.5) -135
Rudy Gobert,DEN,Pts+Rebs,Over,(23.5) -115,(23.5) -122,(23.5) -120
Rudy Gobert,DEN,Pts+Rebs,Under,(23.5) -105,(23.5) -104,(23.5) -110
Rudy Gobert,DEN,Pts+Rebs+Asts,Over,(25.5) -105,,(25.5) -110
Rudy Gobert,DEN,Pts+Rebs+Asts,Under,(25.5) -115,,(25.5) -120
Rudy Gobert,DEN,Rebounds,Over,(12.5) 110,(12.5) -104,(12.5) 100
Rudy Gobert,DEN,Rebounds,Under,(12.5) -130,(12.5) -122,(12.5) -135
Rudy Gobert,DEN,Rebs+Asts,Over,(13.5) -118,,(13.5) -125
Rudy Gobert,DEN,Rebs+Asts,Under,(13.5) -102,,(13.5) -105
T.J. McConnell,NYK,Assists,Over,(4.5) 124,(4.5) 112,(4.5) 120
T.J. McConnell,NYK,Assists,Under,(4.5) -148,(4.5) -138,(4.5) -160
T.J. McConnell,NYK,Points,Over,(10.5) 110,(10.5) 102,(10.5) -105
T.J. McConnell,NYK,Points,Under,(10.5) -130,(10.5) -124,(10.5) -125
T.J. McConnell,NYK,Pts+Asts,Over,(14.5) -112,(14.5) -115,
T.J. McConnell,NYK,Pts+Asts,Under,(14.5) -108,(14.5) -111,
T.J. McConnell,NYK,Pts+Rebs,Over,(13.5) -105,(13.5) -102,(13.5) -110
T.J. McConnell,NYK,Pts+Rebs,Under,(13.5) -115,(13.5) -125,(13.5) -120
T.J. McConnell,NYK,Pts+Rebs+Asts,Over,(17.5) -105,(17.5) -115,(17.5) -115
T.J. McConnell,NYK,Pts+Rebs+Asts,Under,(17.5) -115,(17.5) -111,(17.5) -115
T.J. McConnell,NYK,Rebounds,Over,(2.5) -135,(2.5) -142,(2.5) -145
T.J. McConnell,NYK,Rebounds,Under,(2.5) 114,(2.5) 116,(2.5) 110
T.J. McConnell,NYK,Rebs+Asts,Over,,(7.5) 102,(6.5) -150
T.J. McConnell,NYK,Rebs+Asts,Under,,(7.5) -130,(6.5) 110
Tyrese Haliburton,NYK,Assists,Over,(9.5) 102,(9.5) 100,(9.5) 115
Tyrese Haliburton,NYK,Assists,Under,(9.5) -122,(9.5) -122,(9.5) -150
Tyrese Haliburton,NYK,Points,Over,(21.5) 102,(20.5) -112,(21.5) 100
Tyrese Haliburton,NYK,Points,Under,(21.5) -122,(20.5) -108,(21.5) -135
Tyrese Haliburton,NYK,Pts+Asts,Over,(30.5) -112,(29.5) -125,
Tyrese Haliburton,NYK,Pts+Asts,Under,(30.5) -108,(29.5) -102,
Tyrese Haliburton,NYK,Pts+Rebs,Over,(25.5) -120,(24.5) -128,(25.5) -125
Tyrese Haliburton,NYK,Pts+Rebs,Under,(25.5) 100,(24.5) 100,(25.5) -105
Tyrese Haliburton,NYK,Pts+Rebs+Asts,Over,(35.5) -102,(34.5) -108,(35.5) -110
Tyrese Haliburton,NYK,Pts+Rebs+Asts,Under,(35.5) -118,(34.5) -118,(35.5) -120
Tyrese Haliburton,NYK,Rebounds,Over,(4.5) 120,(4.5) 120,(4.5) 115
Tyrese Haliburton,NYK,Rebounds,Under,(4.5) -142,(4.5) -148,(4.5) -155
Tyrese Haliburton,NYK,Rebs+Asts,Over,(13.5) -108,(13.5) -115,(13.5) -110
Tyrese Haliburton,NYK,Rebs+Asts,Under,(13.5) -112,(13.5) -111,(13.5) -120
